[      28ms] [ERROR] Failed to load resource: net::ERR_FAILED @ chrome-extension://invalid/:0
[     129ms] [ERROR] Failed to load resource: net::ERR_FAILED @ chrome-extension://invalid/:0
[     231ms] [ERROR] Failed to load resource: net::ERR_FAILED @ chrome-extension://invalid/:0
[     334ms] [ERROR] Failed to load resource: net::ERR_FAILED @ chrome-extension://invalid/:0
[     436ms] [ERROR] Failed to load resource: net::ERR_FAILED @ chrome-extension://invalid/:0
[     538ms] [ERROR] Failed to load resource: net::ERR_FAILED @ chrome-extension://invalid/:0
[     643ms] [ERROR] Failed to load resource: net::ERR_FAILED @ chrome-extension://invalid/:0
[     744ms] [ERROR] Failed to load resource: net::ERR_FAILED @ chrome-extension://invalid/:0
[     991ms] [WARNING] BooleanExpression with operator "numericEquals" had an expression that evaluated to null on one side. @ https://static.licdn.com/aero-v1/sc/h/assets/sdui-BD8SCo8g.es.js:0
[    1003ms] [WARNING] BooleanExpression with operator "numericEquals" had an expression that evaluated to null on one side. @ https://static.licdn.com/aero-v1/sc/h/assets/sdui-BD8SCo8g.es.js:0
[    2076ms] [ERROR] Failed to load resource: net::ERR_FAILED @ chrome-extension://invalid/:0
[    2189ms] [ERROR] Failed to load resource: net::ERR_FAILED @ chrome-extension://invalid/:0
[    2310ms] [ERROR] Failed to load resource: net::ERR_FAILED @ chrome-extension://invalid/:0
[    2419ms] [ERROR] Failed to load resource: net::ERR_FAILED @ chrome-extension://invalid/:0
[    2521ms] [ERROR] Failed to load resource: net::ERR_FAILED @ chrome-extension://invalid/:0
[    2624ms] [ERROR] Failed to load resource: net::ERR_FAILED @ chrome-extension://invalid/:0
[    2727ms] [ERROR] Failed to load resource: net::ERR_FAILED @ chrome-extension://invalid/:0
[    2829ms] [ERROR] Failed to load resource: net::ERR_FAILED @ chrome-extension://invalid/:0
[    2931ms] [ERROR] Failed to load resource: net::ERR_FAILED @ chrome-extension://invalid/:0
[    3036ms] [ERROR] Failed to load resource: net::ERR_FAILED @ chrome-extension://invalid/:0
[    3137ms] [ERROR] Failed to load resource: net::ERR_FAILED @ chrome-extension://invalid/:0
[    3242ms] [ERROR] Failed to load resource: net::ERR_FAILED @ chrome-extension://invalid/:0
[    3343ms] [ERROR] Failed to load resource: net::ERR_FAILED @ chrome-extension://invalid/:0
[    3444ms] [ERROR] Failed to load resource: net::ERR_FAILED @ chrome-extension://invalid/:0
[    3545ms] [ERROR] Failed to load resource: net::ERR_FAILED @ chrome-extension://invalid/:0
[    3647ms] [ERROR] Failed to load resource: net::ERR_FAILED @ chrome-extension://invalid/:0
[    3750ms] [ERROR] Failed to load resource: net::ERR_FAILED @ chrome-extension://invalid/:0
[    3852ms] [ERROR] Failed to load resource: net::ERR_FAILED @ chrome-extension://invalid/:0
[    3954ms] [ERROR] Failed to load resource: net::ERR_FAILED @ chrome-extension://invalid/:0
[    4057ms] [ERROR] Failed to load resource: net::ERR_FAILED @ chrome-extension://invalid/:0
[    4162ms] [ERROR] Failed to load resource: net::ERR_FAILED @ chrome-extension://invalid/:0
[    4266ms] [ERROR] Failed to load resource: net::ERR_FAILED @ chrome-extension://invalid/:0
[    4372ms] [ERROR] Failed to load resource: net::ERR_FAILED @ chrome-extension://invalid/:0
[    4477ms] [ERROR] Failed to load resource: net::ERR_FAILED @ chrome-extension://invalid/:0
[    4582ms] [ERROR] Failed to load resource: net::ERR_FAILED @ chrome-extension://invalid/:0
[    4684ms] [ERROR] Failed to load resource: net::ERR_FAILED @ chrome-extension://invalid/:0
[    4789ms] [ERROR] Failed to load resource: net::ERR_FAILED @ chrome-extension://invalid/:0
[    4892ms] [ERROR] Failed to load resource: net::ERR_FAILED @ chrome-extension://invalid/:0
[    4996ms] [ERROR] Failed to load resource: net::ERR_FAILED @ chrome-extension://invalid/:0
[    5103ms] [ERROR] Failed to load resource: net::ERR_FAILED @ chrome-extension://invalid/:0
[    5205ms] [ERROR] Failed to load resource: net::ERR_FAILED @ chrome-extension://invalid/:0
[    5310ms] [ERROR] Failed to load resource: net::ERR_FAILED @ chrome-extension://invalid/:0
[    5412ms] [ERROR] Failed to load resource: net::ERR_FAILED @ chrome-extension://invalid/:0
[    5514ms] [ERROR] Failed to load resource: net::ERR_FAILED @ chrome-extension://invalid/:0
[    5616ms] [ERROR] Failed to load resource: net::ERR_FAILED @ chrome-extension://invalid/:0
[    5719ms] [ERROR] Failed to load resource: net::ERR_FAILED @ chrome-extension://invalid/:0
[    5824ms] [ERROR] Failed to load resource: net::ERR_FAILED @ chrome-extension://invalid/:0
[    5928ms] [ERROR] Failed to load resource: net::ERR_FAILED @ chrome-extension://invalid/:0
[    6030ms] [ERROR] Failed to load resource: net::ERR_FAILED @ chrome-extension://invalid/:0
[    6134ms] [ERROR] Failed to load resource: net::ERR_FAILED @ chrome-extension://invalid/:0
[    6235ms] [ERROR] Failed to load resource: net::ERR_FAILED @ chrome-extension://invalid/:0
[    6337ms] [ERROR] Failed to load resource: net::ERR_FAILED @ chrome-extension://invalid/:0
[    6439ms] [ERROR] Failed to load resource: net::ERR_FAILED @ chrome-extension://invalid/:0
[    6543ms] [ERROR] Failed to load resource: net::ERR_FAILED @ chrome-extension://invalid/:0
[    6645ms] [ERROR] Failed to load resource: net::ERR_FAILED @ chrome-extension://invalid/:0
[    6747ms] [ERROR] Failed to load resource: net::ERR_FAILED @ chrome-extension://invalid/:0
[    6850ms] [ERROR] Failed to load resource: net::ERR_FAILED @ chrome-extension://invalid/:0
[    6953ms] [ERROR] Failed to load resource: net::ERR_FAILED @ chrome-extension://invalid/:0
[    7057ms] [ERROR] Failed to load resource: net::ERR_FAILED @ chrome-extension://invalid/:0
[    7159ms] [ERROR] Failed to load resource: net::ERR_FAILED @ chrome-extension://invalid/:0
[    7261ms] [ERROR] Failed to load resource: net::ERR_FAILED @ chrome-extension://invalid/:0
[    7364ms] [ERROR] Failed to load resource: net::ERR_FAILED @ chrome-extension://invalid/:0
[    7470ms] [ERROR] Failed to load resource: net::ERR_FAILED @ chrome-extension://invalid/:0
[    7572ms] [ERROR] Failed to load resource: net::ERR_FAILED @ chrome-extension://invalid/:0
[    7678ms] [ERROR] Failed to load resource: net::ERR_FAILED @ chrome-extension://invalid/:0
[    7779ms] [ERROR] Failed to load resource: net::ERR_FAILED @ chrome-extension://invalid/:0
[    7881ms] [ERROR] Failed to load resource: net::ERR_FAILED @ chrome-extension://invalid/:0
[    7983ms] [ERROR] Failed to load resource: net::ERR_FAILED @ chrome-extension://invalid/:0
[    8088ms] [ERROR] Failed to load resource: net::ERR_FAILED @ chrome-extension://invalid/:0
[    8191ms] [ERROR] Failed to load resource: net::ERR_FAILED @ chrome-extension://invalid/:0
[    8293ms] [ERROR] Failed to load resource: net::ERR_FAILED @ chrome-extension://invalid/:0
[    8394ms] [ERROR] Failed to load resource: net::ERR_FAILED @ chrome-extension://invalid/:0
[    8501ms] [ERROR] Failed to load resource: net::ERR_FAILED @ chrome-extension://invalid/:0
[    8604ms] [ERROR] Failed to load resource: net::ERR_FAILED @ chrome-extension://invalid/:0
[    8707ms] [ERROR] Failed to load resource: net::ERR_FAILED @ chrome-extension://invalid/:0
[    8810ms] [ERROR] Failed to load resource: net::ERR_FAILED @ chrome-extension://invalid/:0
[    8912ms] [ERROR] Failed to load resource: net::ERR_FAILED @ chrome-extension://invalid/:0
[    9014ms] [ERROR] Failed to load resource: net::ERR_FAILED @ chrome-extension://invalid/:0
[    9116ms] [ERROR] Failed to load resource: net::ERR_FAILED @ chrome-extension://invalid/:0
[    9218ms] [ERROR] Failed to load resource: net::ERR_FAILED @ chrome-extension://invalid/:0
[    9322ms] [ERROR] Failed to load resource: net::ERR_FAILED @ chrome-extension://invalid/:0
[    9425ms] [ERROR] Failed to load resource: net::ERR_FAILED @ chrome-extension://invalid/:0
[    9531ms] [ERROR] Failed to load resource: net::ERR_FAILED @ chrome-extension://invalid/:0
[    9634ms] [ERROR] Failed to load resource: net::ERR_FAILED @ chrome-extension://invalid/:0
[    9736ms] [ERROR] Failed to load resource: net::ERR_FAILED @ chrome-extension://invalid/:0
[    9837ms] [ERROR] Failed to load resource: net::ERR_FAILED @ chrome-extension://invalid/:0
[    9939ms] [ERROR] Failed to load resource: net::ERR_FAILED @ chrome-extension://invalid/:0
[   10042ms] [ERROR] Failed to load resource: net::ERR_FAILED @ chrome-extension://invalid/:0
[   10143ms] [ERROR] Failed to load resource: net::ERR_FAILED @ chrome-extension://invalid/:0
[   10244ms] [ERROR] Failed to load resource: net::ERR_FAILED @ chrome-extension://invalid/:0
[   10346ms] [ERROR] Failed to load resource: net::ERR_FAILED @ chrome-extension://invalid/:0
[   10447ms] [ERROR] Failed to load resource: net::ERR_FAILED @ chrome-extension://invalid/:0
[   10549ms] [ERROR] Failed to load resource: net::ERR_FAILED @ chrome-extension://invalid/:0
[   10651ms] [ERROR] Failed to load resource: net::ERR_FAILED @ chrome-extension://invalid/:0
[   10756ms] [ERROR] Failed to load resource: net::ERR_FAILED @ chrome-extension://invalid/:0
[   10860ms] [ERROR] Failed to load resource: net::ERR_FAILED @ chrome-extension://invalid/:0
[   10961ms] [ERROR] Failed to load resource: net::ERR_FAILED @ chrome-extension://invalid/:0
[   11063ms] [ERROR] Failed to load resource: net::ERR_FAILED @ chrome-extension://invalid/:0
[   11169ms] [ERROR] Failed to load resource: net::ERR_FAILED @ chrome-extension://invalid/:0
[   11275ms] [ERROR] Failed to load resource: net::ERR_FAILED @ chrome-extension://invalid/:0
[   11377ms] [ERROR] Failed to load resource: net::ERR_FAILED @ chrome-extension://invalid/:0
[   11480ms] [ERROR] Failed to load resource: net::ERR_FAILED @ chrome-extension://invalid/:0
[   11584ms] [ERROR] Failed to load resource: net::ERR_FAILED @ chrome-extension://invalid/:0
[   11689ms] [ERROR] Failed to load resource: net::ERR_FAILED @ chrome-extension://invalid/:0
[   11793ms] [ERROR] Failed to load resource: net::ERR_FAILED @ chrome-extension://invalid/:0
[   11895ms] [ERROR] Failed to load resource: net::ERR_FAILED @ chrome-extension://invalid/:0
[   11998ms] [ERROR] Failed to load resource: net::ERR_FAILED @ chrome-extension://invalid/:0
[   12102ms] [ERROR] Failed to load resource: net::ERR_FAILED @ chrome-extension://invalid/:0
[   12205ms] [ERROR] Failed to load resource: net::ERR_FAILED @ chrome-extension://invalid/:0
[   12307ms] [ERROR] Failed to load resource: net::ERR_FAILED @ chrome-extension://invalid/:0
[   12410ms] [ERROR] Failed to load resource: net::ERR_FAILED @ chrome-extension://invalid/:0
[   12513ms] [ERROR] Failed to load resource: net::ERR_FAILED @ chrome-extension://invalid/:0
[   12615ms] [ERROR] Failed to load resource: net::ERR_FAILED @ chrome-extension://invalid/:0
[   12717ms] [ERROR] Failed to load resource: net::ERR_FAILED @ chrome-extension://invalid/:0
[   12820ms] [ERROR] Failed to load resource: net::ERR_FAILED @ chrome-extension://invalid/:0
[   12922ms] [ERROR] Failed to load resource: net::ERR_FAILED @ chrome-extension://invalid/:0
[   13026ms] [ERROR] Failed to load resource: net::ERR_FAILED @ chrome-extension://invalid/:0
[   13129ms] [ERROR] Failed to load resource: net::ERR_FAILED @ chrome-extension://invalid/:0
[   13230ms] [ERROR] Failed to load resource: net::ERR_FAILED @ chrome-extension://invalid/:0
[   13334ms] [ERROR] Failed to load resource: net::ERR_FAILED @ chrome-extension://invalid/:0
[   13436ms] [ERROR] Failed to load resource: net::ERR_FAILED @ chrome-extension://invalid/:0
[   13538ms] [ERROR] Failed to load resource: net::ERR_FAILED @ chrome-extension://invalid/:0
[   13640ms] [ERROR] Failed to load resource: net::ERR_FAILED @ chrome-extension://invalid/:0
[   13743ms] [ERROR] Failed to load resource: net::ERR_FAILED @ chrome-extension://invalid/:0
[   13845ms] [ERROR] Failed to load resource: net::ERR_FAILED @ chrome-extension://invalid/:0
[   13946ms] [ERROR] Failed to load resource: net::ERR_FAILED @ chrome-extension://invalid/:0
[   14049ms] [ERROR] Failed to load resource: net::ERR_FAILED @ chrome-extension://invalid/:0
[   14151ms] [ERROR] Failed to load resource: net::ERR_FAILED @ chrome-extension://invalid/:0
[   14254ms] [ERROR] Failed to load resource: net::ERR_FAILED @ chrome-extension://invalid/:0
[   14358ms] [ERROR] Failed to load resource: net::ERR_FAILED @ chrome-extension://invalid/:0
[   14463ms] [ERROR] Failed to load resource: net::ERR_FAILED @ chrome-extension://invalid/:0
[   14566ms] [ERROR] Failed to load resource: net::ERR_FAILED @ chrome-extension://invalid/:0
[   14668ms] [ERROR] Failed to load resource: net::ERR_FAILED @ chrome-extension://invalid/:0
[   14772ms] [ERROR] Failed to load resource: net::ERR_FAILED @ chrome-extension://invalid/:0
[   14876ms] [ERROR] Failed to load resource: net::ERR_FAILED @ chrome-extension://invalid/:0
[   14998ms] [ERROR] Failed to load resource: net::ERR_FAILED @ chrome-extension://invalid/:0
[   15104ms] [ERROR] Failed to load resource: net::ERR_FAILED @ chrome-extension://invalid/:0
[   15208ms] [ERROR] Failed to load resource: net::ERR_FAILED @ chrome-extension://invalid/:0
[   15310ms] [ERROR] Failed to load resource: net::ERR_FAILED @ chrome-extension://invalid/:0
[   15412ms] [ERROR] Failed to load resource: net::ERR_FAILED @ chrome-extension://invalid/:0
[   15514ms] [ERROR] Failed to load resource: net::ERR_FAILED @ chrome-extension://invalid/:0
[   15615ms] [ERROR] Failed to load resource: net::ERR_FAILED @ chrome-extension://invalid/:0
[   15717ms] [ERROR] Failed to load resource: net::ERR_FAILED @ chrome-extension://invalid/:0
[   15819ms] [ERROR] Failed to load resource: net::ERR_FAILED @ chrome-extension://invalid/:0
[   15923ms] [ERROR] Failed to load resource: net::ERR_FAILED @ chrome-extension://invalid/:0
[   16027ms] [ERROR] Failed to load resource: net::ERR_FAILED @ chrome-extension://invalid/:0
[   16128ms] [ERROR] Failed to load resource: net::ERR_FAILED @ chrome-extension://invalid/:0
[   16230ms] [ERROR] Failed to load resource: net::ERR_FAILED @ chrome-extension://invalid/:0
[   16331ms] [ERROR] Failed to load resource: net::ERR_FAILED @ chrome-extension://invalid/:0
[   16433ms] [ERROR] Failed to load resource: net::ERR_FAILED @ chrome-extension://invalid/:0
[   16534ms] [ERROR] Failed to load resource: net::ERR_FAILED @ chrome-extension://invalid/:0
[   16636ms] [ERROR] Failed to load resource: net::ERR_FAILED @ chrome-extension://invalid/:0
[   16738ms] [ERROR] Failed to load resource: net::ERR_FAILED @ chrome-extension://invalid/:0
[   16839ms] [ERROR] Failed to load resource: net::ERR_FAILED @ chrome-extension://invalid/:0
[   16942ms] [ERROR] Failed to load resource: net::ERR_FAILED @ chrome-extension://invalid/:0
[   17043ms] [ERROR] Failed to load resource: net::ERR_FAILED @ chrome-extension://invalid/:0
[   17145ms] [ERROR] Failed to load resource: net::ERR_FAILED @ chrome-extension://invalid/:0
[   17246ms] [ERROR] Failed to load resource: net::ERR_FAILED @ chrome-extension://invalid/:0
[   17348ms] [ERROR] Failed to load resource: net::ERR_FAILED @ chrome-extension://invalid/:0
[   17450ms] [ERROR] Failed to load resource: net::ERR_FAILED @ chrome-extension://invalid/:0
[   17552ms] [ERROR] Failed to load resource: net::ERR_FAILED @ chrome-extension://invalid/:0
[   17656ms] [ERROR] Failed to load resource: net::ERR_FAILED @ chrome-extension://invalid/:0
[   17758ms] [ERROR] Failed to load resource: net::ERR_FAILED @ chrome-extension://invalid/:0
[   17859ms] [ERROR] Failed to load resource: net::ERR_FAILED @ chrome-extension://invalid/:0
[   17962ms] [ERROR] Failed to load resource: net::ERR_FAILED @ chrome-extension://invalid/:0
[   18063ms] [ERROR] Failed to load resource: net::ERR_FAILED @ chrome-extension://invalid/:0
[   18169ms] [ERROR] Failed to load resource: net::ERR_FAILED @ chrome-extension://invalid/:0
[   18272ms] [ERROR] Failed to load resource: net::ERR_FAILED @ chrome-extension://invalid/:0
[   18376ms] [ERROR] Failed to load resource: net::ERR_FAILED @ chrome-extension://invalid/:0
[   18478ms] [ERROR] Failed to load resource: net::ERR_FAILED @ chrome-extension://invalid/:0
[   18579ms] [ERROR] Failed to load resource: net::ERR_FAILED @ chrome-extension://invalid/:0
[   18684ms] [ERROR] Failed to load resource: net::ERR_FAILED @ chrome-extension://invalid/:0
[   18785ms] [ERROR] Failed to load resource: net::ERR_FAILED @ chrome-extension://invalid/:0
[   18887ms] [ERROR] Failed to load resource: net::ERR_FAILED @ chrome-extension://invalid/:0
[   18993ms] [ERROR] Failed to load resource: net::ERR_FAILED @ chrome-extension://invalid/:0
[   19094ms] [ERROR] Failed to load resource: net::ERR_FAILED @ chrome-extension://invalid/:0
[   19196ms] [ERROR] Failed to load resource: net::ERR_FAILED @ chrome-extension://invalid/:0
[   19298ms] [ERROR] Failed to load resource: net::ERR_FAILED @ chrome-extension://invalid/:0
[   19399ms] [ERROR] Failed to load resource: net::ERR_FAILED @ chrome-extension://invalid/:0
[   19503ms] [ERROR] Failed to load resource: net::ERR_FAILED @ chrome-extension://invalid/:0
[   19610ms] [ERROR] Failed to load resource: net::ERR_FAILED @ chrome-extension://invalid/:0
[   19712ms] [ERROR] Failed to load resource: net::ERR_FAILED @ chrome-extension://invalid/:0
[   19813ms] [ERROR] Failed to load resource: net::ERR_FAILED @ chrome-extension://invalid/:0
[   19914ms] [ERROR] Failed to load resource: net::ERR_FAILED @ chrome-extension://invalid/:0
[   20017ms] [ERROR] Failed to load resource: net::ERR_FAILED @ chrome-extension://invalid/:0
[   20120ms] [ERROR] Failed to load resource: net::ERR_FAILED @ chrome-extension://invalid/:0
[   20223ms] [ERROR] Failed to load resource: net::ERR_FAILED @ chrome-extension://invalid/:0
[   20325ms] [ERROR] Failed to load resource: net::ERR_FAILED @ chrome-extension://invalid/:0
[   20430ms] [ERROR] Failed to load resource: net::ERR_FAILED @ chrome-extension://invalid/:0
[   20536ms] [ERROR] Failed to load resource: net::ERR_FAILED @ chrome-extension://invalid/:0
[   20638ms] [ERROR] Failed to load resource: net::ERR_FAILED @ chrome-extension://invalid/:0
[   20741ms] [ERROR] Failed to load resource: net::ERR_FAILED @ chrome-extension://invalid/:0
[   20843ms] [ERROR] Failed to load resource: net::ERR_FAILED @ chrome-extension://invalid/:0
[   20944ms] [ERROR] Failed to load resource: net::ERR_FAILED @ chrome-extension://invalid/:0
[   21046ms] [ERROR] Failed to load resource: net::ERR_FAILED @ chrome-extension://invalid/:0
[   21148ms] [ERROR] Failed to load resource: net::ERR_FAILED @ chrome-extension://invalid/:0
[   21250ms] [ERROR] Failed to load resource: net::ERR_FAILED @ chrome-extension://invalid/:0
[   21353ms] [ERROR] Failed to load resource: net::ERR_FAILED @ chrome-extension://invalid/:0
[   21457ms] [ERROR] Failed to load resource: net::ERR_FAILED @ chrome-extension://invalid/:0
[   21560ms] [ERROR] Failed to load resource: net::ERR_FAILED @ chrome-extension://invalid/:0
[   21662ms] [ERROR] Failed to load resource: net::ERR_FAILED @ chrome-extension://invalid/:0
[   21768ms] [ERROR] Failed to load resource: net::ERR_FAILED @ chrome-extension://invalid/:0
[   21870ms] [ERROR] Failed to load resource: net::ERR_FAILED @ chrome-extension://invalid/:0
[   21975ms] [ERROR] Failed to load resource: net::ERR_FAILED @ chrome-extension://invalid/:0
[   22076ms] [ERROR] Failed to load resource: net::ERR_FAILED @ chrome-extension://invalid/:0
[   22180ms] [ERROR] Failed to load resource: net::ERR_FAILED @ chrome-extension://invalid/:0
[   22285ms] [ERROR] Failed to load resource: net::ERR_FAILED @ chrome-extension://invalid/:0
[   22386ms] [ERROR] Failed to load resource: net::ERR_FAILED @ chrome-extension://invalid/:0
[   22490ms] [ERROR] Failed to load resource: net::ERR_FAILED @ chrome-extension://invalid/:0
[   22594ms] [ERROR] Failed to load resource: net::ERR_FAILED @ chrome-extension://invalid/:0
[   22699ms] [ERROR] Failed to load resource: net::ERR_FAILED @ chrome-extension://invalid/:0
[   22805ms] [ERROR] Failed to load resource: net::ERR_FAILED @ chrome-extension://invalid/:0
[   22909ms] [ERROR] Failed to load resource: net::ERR_FAILED @ chrome-extension://invalid/:0
[   23011ms] [ERROR] Failed to load resource: net::ERR_FAILED @ chrome-extension://invalid/:0
[   23113ms] [ERROR] Failed to load resource: net::ERR_FAILED @ chrome-extension://invalid/:0
[   23215ms] [ERROR] Failed to load resource: net::ERR_FAILED @ chrome-extension://invalid/:0
[   23318ms] [ERROR] Failed to load resource: net::ERR_FAILED @ chrome-extension://invalid/:0
[   23419ms] [ERROR] Failed to load resource: net::ERR_FAILED @ chrome-extension://invalid/:0
[   23522ms] [ERROR] Failed to load resource: net::ERR_FAILED @ chrome-extension://invalid/:0
[   23623ms] [ERROR] Failed to load resource: net::ERR_FAILED @ chrome-extension://invalid/:0
[   23727ms] [ERROR] Failed to load resource: net::ERR_FAILED @ chrome-extension://invalid/:0
[   23830ms] [ERROR] Failed to load resource: net::ERR_FAILED @ chrome-extension://invalid/:0
[   23937ms] [ERROR] Failed to load resource: net::ERR_FAILED @ chrome-extension://invalid/:0
[   24038ms] [ERROR] Failed to load resource: net::ERR_FAILED @ chrome-extension://invalid/:0
[   24139ms] [ERROR] Failed to load resource: net::ERR_FAILED @ chrome-extension://invalid/:0
[   24243ms] [ERROR] Failed to load resource: net::ERR_FAILED @ chrome-extension://invalid/:0
[   24345ms] [ERROR] Failed to load resource: net::ERR_FAILED @ chrome-extension://invalid/:0
[   24447ms] [ERROR] Failed to load resource: net::ERR_FAILED @ chrome-extension://invalid/:0
[   24549ms] [ERROR] Failed to load resource: net::ERR_FAILED @ chrome-extension://invalid/:0
[   24651ms] [ERROR] Failed to load resource: net::ERR_FAILED @ chrome-extension://invalid/:0
[   24753ms] [ERROR] Failed to load resource: net::ERR_FAILED @ chrome-extension://invalid/:0
[   24856ms] [ERROR] Failed to load resource: net::ERR_FAILED @ chrome-extension://invalid/:0
[   24960ms] [ERROR] Failed to load resource: net::ERR_FAILED @ chrome-extension://invalid/:0
[   25067ms] [ERROR] Failed to load resource: net::ERR_FAILED @ chrome-extension://invalid/:0
[   25170ms] [ERROR] Failed to load resource: net::ERR_FAILED @ chrome-extension://invalid/:0
[   25273ms] [ERROR] Failed to load resource: net::ERR_FAILED @ chrome-extension://invalid/:0
[   25375ms] [ERROR] Failed to load resource: net::ERR_FAILED @ chrome-extension://invalid/:0
[   25480ms] [ERROR] Failed to load resource: net::ERR_FAILED @ chrome-extension://invalid/:0
[   25582ms] [ERROR] Failed to load resource: net::ERR_FAILED @ chrome-extension://invalid/:0
[   25687ms] [ERROR] Failed to load resource: net::ERR_FAILED @ chrome-extension://invalid/:0
[   25793ms] [ERROR] Failed to load resource: net::ERR_FAILED @ chrome-extension://invalid/:0
[   25893ms] [ERROR] Failed to load resource: net::ERR_FAILED @ chrome-extension://invalid/:0
[   26000ms] [ERROR] Failed to load resource: net::ERR_FAILED @ chrome-extension://invalid/:0
[   26101ms] [ERROR] Failed to load resource: net::ERR_FAILED @ chrome-extension://invalid/:0
[   26203ms] [ERROR] Failed to load resource: net::ERR_FAILED @ chrome-extension://invalid/:0
[   26309ms] [ERROR] Failed to load resource: net::ERR_FAILED @ chrome-extension://invalid/:0
[   26415ms] [ERROR] Failed to load resource: net::ERR_FAILED @ chrome-extension://invalid/:0
[   26518ms] [ERROR] Failed to load resource: net::ERR_FAILED @ chrome-extension://invalid/:0
[   26621ms] [ERROR] Failed to load resource: net::ERR_FAILED @ chrome-extension://invalid/:0
[   26723ms] [ERROR] Failed to load resource: net::ERR_FAILED @ chrome-extension://invalid/:0
[   26828ms] [ERROR] Failed to load resource: net::ERR_FAILED @ chrome-extension://invalid/:0
[   26932ms] [ERROR] Failed to load resource: net::ERR_FAILED @ chrome-extension://invalid/:0
[   27033ms] [ERROR] Failed to load resource: net::ERR_FAILED @ chrome-extension://invalid/:0
[   27137ms] [ERROR] Failed to load resource: net::ERR_FAILED @ chrome-extension://invalid/:0
[   27239ms] [ERROR] Failed to load resource: net::ERR_FAILED @ chrome-extension://invalid/:0
[   27341ms] [ERROR] Failed to load resource: net::ERR_FAILED @ chrome-extension://invalid/:0
[   27444ms] [ERROR] Failed to load resource: net::ERR_FAILED @ chrome-extension://invalid/:0
[   27545ms] [ERROR] Failed to load resource: net::ERR_FAILED @ chrome-extension://invalid/:0
[   27647ms] [ERROR] Failed to load resource: net::ERR_FAILED @ chrome-extension://invalid/:0
[   27749ms] [ERROR] Failed to load resource: net::ERR_FAILED @ chrome-extension://invalid/:0
[   27852ms] [ERROR] Failed to load resource: net::ERR_FAILED @ chrome-extension://invalid/:0
[   27956ms] [ERROR] Failed to load resource: net::ERR_FAILED @ chrome-extension://invalid/:0
[   28059ms] [ERROR] Failed to load resource: net::ERR_FAILED @ chrome-extension://invalid/:0
[   28164ms] [ERROR] Failed to load resource: net::ERR_FAILED @ chrome-extension://invalid/:0
[   28266ms] [ERROR] Failed to load resource: net::ERR_FAILED @ chrome-extension://invalid/:0
[   28369ms] [ERROR] Failed to load resource: net::ERR_FAILED @ chrome-extension://invalid/:0
[   28475ms] [ERROR] Failed to load resource: net::ERR_FAILED @ chrome-extension://invalid/:0
[   28581ms] [ERROR] Failed to load resource: net::ERR_FAILED @ chrome-extension://invalid/:0
[   28684ms] [ERROR] Failed to load resource: net::ERR_FAILED @ chrome-extension://invalid/:0
[   28795ms] [ERROR] Failed to load resource: net::ERR_FAILED @ chrome-extension://invalid/:0
[   28903ms] [ERROR] Failed to load resource: net::ERR_FAILED @ chrome-extension://invalid/:0
[   29005ms] [ERROR] Failed to load resource: net::ERR_FAILED @ chrome-extension://invalid/:0
[   29106ms] [ERROR] Failed to load resource: net::ERR_FAILED @ chrome-extension://invalid/:0
[   29210ms] [ERROR] Failed to load resource: net::ERR_FAILED @ chrome-extension://invalid/:0
[   29311ms] [ERROR] Failed to load resource: net::ERR_FAILED @ chrome-extension://invalid/:0
[   29412ms] [ERROR] Failed to load resource: net::ERR_FAILED @ chrome-extension://invalid/:0
[   29514ms] [ERROR] Failed to load resource: net::ERR_FAILED @ chrome-extension://invalid/:0
[   29616ms] [ERROR] Failed to load resource: net::ERR_FAILED @ chrome-extension://invalid/:0
[   29719ms] [ERROR] Failed to load resource: net::ERR_FAILED @ chrome-extension://invalid/:0
[   29820ms] [ERROR] Failed to load resource: net::ERR_FAILED @ chrome-extension://invalid/:0
[   29924ms] [ERROR] Failed to load resource: net::ERR_FAILED @ chrome-extension://invalid/:0
[   30028ms] [ERROR] Failed to load resource: net::ERR_FAILED @ chrome-extension://invalid/:0
[   30131ms] [ERROR] Failed to load resource: net::ERR_FAILED @ chrome-extension://invalid/:0
[   30232ms] [ERROR] Failed to load resource: net::ERR_FAILED @ chrome-extension://invalid/:0
[   30334ms] [ERROR] Failed to load resource: net::ERR_FAILED @ chrome-extension://invalid/:0
[   30436ms] [ERROR] Failed to load resource: net::ERR_FAILED @ chrome-extension://invalid/:0
[   30538ms] [ERROR] Failed to load resource: net::ERR_FAILED @ chrome-extension://invalid/:0
[   30640ms] [ERROR] Failed to load resource: net::ERR_FAILED @ chrome-extension://invalid/:0
[   30742ms] [ERROR] Failed to load resource: net::ERR_FAILED @ chrome-extension://invalid/:0
[   30844ms] [ERROR] Failed to load resource: net::ERR_FAILED @ chrome-extension://invalid/:0
[   30945ms] [ERROR] Failed to load resource: net::ERR_FAILED @ chrome-extension://invalid/:0
[   31046ms] [ERROR] Failed to load resource: net::ERR_FAILED @ chrome-extension://invalid/:0
[   31147ms] [ERROR] Failed to load resource: net::ERR_FAILED @ chrome-extension://invalid/:0
[   31250ms] [ERROR] Failed to load resource: net::ERR_FAILED @ chrome-extension://invalid/:0
[   31352ms] [ERROR] Failed to load resource: net::ERR_FAILED @ chrome-extension://invalid/:0
[   31453ms] [ERROR] Failed to load resource: net::ERR_FAILED @ chrome-extension://invalid/:0
[   31557ms] [ERROR] Failed to load resource: net::ERR_FAILED @ chrome-extension://invalid/:0
[   31659ms] [ERROR] Failed to load resource: net::ERR_FAILED @ chrome-extension://invalid/:0
[   31764ms] [ERROR] Failed to load resource: net::ERR_FAILED @ chrome-extension://invalid/:0
[   31866ms] [ERROR] Failed to load resource: net::ERR_FAILED @ chrome-extension://invalid/:0
[   31972ms] [ERROR] Failed to load resource: net::ERR_FAILED @ chrome-extension://invalid/:0
[   32076ms] [ERROR] Failed to load resource: net::ERR_FAILED @ chrome-extension://invalid/:0
[   32182ms] [ERROR] Failed to load resource: net::ERR_FAILED @ chrome-extension://invalid/:0
[   32287ms] [ERROR] Failed to load resource: net::ERR_FAILED @ chrome-extension://invalid/:0
[   32391ms] [ERROR] Failed to load resource: net::ERR_FAILED @ chrome-extension://invalid/:0
[   32493ms] [ERROR] Failed to load resource: net::ERR_FAILED @ chrome-extension://invalid/:0
[   32599ms] [ERROR] Failed to load resource: net::ERR_FAILED @ chrome-extension://invalid/:0
[   32701ms] [ERROR] Failed to load resource: net::ERR_FAILED @ chrome-extension://invalid/:0
[   32807ms] [ERROR] Failed to load resource: net::ERR_FAILED @ chrome-extension://invalid/:0
[   32910ms] [ERROR] Failed to load resource: net::ERR_FAILED @ chrome-extension://invalid/:0
[   33014ms] [ERROR] Failed to load resource: net::ERR_FAILED @ chrome-extension://invalid/:0
[   33117ms] [ERROR] Failed to load resource: net::ERR_FAILED @ chrome-extension://invalid/:0
[   33219ms] [ERROR] Failed to load resource: net::ERR_FAILED @ chrome-extension://invalid/:0
[   33323ms] [ERROR] Failed to load resource: net::ERR_FAILED @ chrome-extension://invalid/:0
[   33426ms] [ERROR] Failed to load resource: net::ERR_FAILED @ chrome-extension://invalid/:0
[   33531ms] [ERROR] Failed to load resource: net::ERR_FAILED @ chrome-extension://invalid/:0
[   33636ms] [ERROR] Failed to load resource: net::ERR_FAILED @ chrome-extension://invalid/:0
[   33738ms] [ERROR] Failed to load resource: net::ERR_FAILED @ chrome-extension://invalid/:0
[   33840ms] [ERROR] Failed to load resource: net::ERR_FAILED @ chrome-extension://invalid/:0
[   33943ms] [ERROR] Failed to load resource: net::ERR_FAILED @ chrome-extension://invalid/:0
[   34045ms] [ERROR] Failed to load resource: net::ERR_FAILED @ chrome-extension://invalid/:0
[   34147ms] [ERROR] Failed to load resource: net::ERR_FAILED @ chrome-extension://invalid/:0
[   34249ms] [ERROR] Failed to load resource: net::ERR_FAILED @ chrome-extension://invalid/:0
[   34352ms] [ERROR] Failed to load resource: net::ERR_FAILED @ chrome-extension://invalid/:0
[   34456ms] [ERROR] Failed to load resource: net::ERR_FAILED @ chrome-extension://invalid/:0
[   34558ms] [ERROR] Failed to load resource: net::ERR_FAILED @ chrome-extension://invalid/:0
[   34660ms] [ERROR] Failed to load resource: net::ERR_FAILED @ chrome-extension://invalid/:0
[   34762ms] [ERROR] Failed to load resource: net::ERR_FAILED @ chrome-extension://invalid/:0
[   34864ms] [ERROR] Failed to load resource: net::ERR_FAILED @ chrome-extension://invalid/:0
[   34968ms] [ERROR] Failed to load resource: net::ERR_FAILED @ chrome-extension://invalid/:0
[   35072ms] [ERROR] Failed to load resource: net::ERR_FAILED @ chrome-extension://invalid/:0
[   35178ms] [ERROR] Failed to load resource: net::ERR_FAILED @ chrome-extension://invalid/:0
[   35284ms] [ERROR] Failed to load resource: net::ERR_FAILED @ chrome-extension://invalid/:0
[   35387ms] [ERROR] Failed to load resource: net::ERR_FAILED @ chrome-extension://invalid/:0
[   35492ms] [ERROR] Failed to load resource: net::ERR_FAILED @ chrome-extension://invalid/:0
[   35599ms] [ERROR] Failed to load resource: net::ERR_FAILED @ chrome-extension://invalid/:0
[   35700ms] [ERROR] Failed to load resource: net::ERR_FAILED @ chrome-extension://invalid/:0
[   35803ms] [ERROR] Failed to load resource: net::ERR_FAILED @ chrome-extension://invalid/:0
[   35904ms] [ERROR] Failed to load resource: net::ERR_FAILED @ chrome-extension://invalid/:0
[   36007ms] [ERROR] Failed to load resource: net::ERR_FAILED @ chrome-extension://invalid/:0
[   36109ms] [ERROR] Failed to load resource: net::ERR_FAILED @ chrome-extension://invalid/:0
[   36210ms] [ERROR] Failed to load resource: net::ERR_FAILED @ chrome-extension://invalid/:0
[   36311ms] [ERROR] Failed to load resource: net::ERR_FAILED @ chrome-extension://invalid/:0
[   36413ms] [ERROR] Failed to load resource: net::ERR_FAILED @ chrome-extension://invalid/:0
[   36515ms] [ERROR] Failed to load resource: net::ERR_FAILED @ chrome-extension://invalid/:0
[   36618ms] [ERROR] Failed to load resource: net::ERR_FAILED @ chrome-extension://invalid/:0
[   36721ms] [ERROR] Failed to load resource: net::ERR_FAILED @ chrome-extension://invalid/:0
[   36823ms] [ERROR] Failed to load resource: net::ERR_FAILED @ chrome-extension://invalid/:0
[   36927ms] [ERROR] Failed to load resource: net::ERR_FAILED @ chrome-extension://invalid/:0
[   37030ms] [ERROR] Failed to load resource: net::ERR_FAILED @ chrome-extension://invalid/:0
[   37134ms] [ERROR] Failed to load resource: net::ERR_FAILED @ chrome-extension://invalid/:0
[   37236ms] [ERROR] Failed to load resource: net::ERR_FAILED @ chrome-extension://invalid/:0
[   37338ms] [ERROR] Failed to load resource: net::ERR_FAILED @ chrome-extension://invalid/:0
[   37440ms] [ERROR] Failed to load resource: net::ERR_FAILED @ chrome-extension://invalid/:0
[   37543ms] [ERROR] Failed to load resource: net::ERR_FAILED @ chrome-extension://invalid/:0
[   37644ms] [ERROR] Failed to load resource: net::ERR_FAILED @ chrome-extension://invalid/:0
[   37745ms] [ERROR] Failed to load resource: net::ERR_FAILED @ chrome-extension://invalid/:0
[   37847ms] [ERROR] Failed to load resource: net::ERR_FAILED @ chrome-extension://invalid/:0
[   37948ms] [ERROR] Failed to load resource: net::ERR_FAILED @ chrome-extension://invalid/:0
[   38050ms] [ERROR] Failed to load resource: net::ERR_FAILED @ chrome-extension://invalid/:0
[   38154ms] [ERROR] Failed to load resource: net::ERR_FAILED @ chrome-extension://invalid/:0
[   38257ms] [ERROR] Failed to load resource: net::ERR_FAILED @ chrome-extension://invalid/:0
[   38362ms] [ERROR] Failed to load resource: net::ERR_FAILED @ chrome-extension://invalid/:0
[   38464ms] [ERROR] Failed to load resource: net::ERR_FAILED @ chrome-extension://invalid/:0
[   38565ms] [ERROR] Failed to load resource: net::ERR_FAILED @ chrome-extension://invalid/:0
[   38667ms] [ERROR] Failed to load resource: net::ERR_FAILED @ chrome-extension://invalid/:0
[   38770ms] [ERROR] Failed to load resource: net::ERR_FAILED @ chrome-extension://invalid/:0
[   38874ms] [ERROR] Failed to load resource: net::ERR_FAILED @ chrome-extension://invalid/:0
[   38976ms] [ERROR] Failed to load resource: net::ERR_FAILED @ chrome-extension://invalid/:0
[   39080ms] [ERROR] Failed to load resource: net::ERR_FAILED @ chrome-extension://invalid/:0
[   39182ms] [ERROR] Failed to load resource: net::ERR_FAILED @ chrome-extension://invalid/:0
[   39284ms] [ERROR] Failed to load resource: net::ERR_FAILED @ chrome-extension://invalid/:0
[   39387ms] [ERROR] Failed to load resource: net::ERR_FAILED @ chrome-extension://invalid/:0
[   39493ms] [ERROR] Failed to load resource: net::ERR_FAILED @ chrome-extension://invalid/:0
[   39598ms] [ERROR] Failed to load resource: net::ERR_FAILED @ chrome-extension://invalid/:0
[   39700ms] [ERROR] Failed to load resource: net::ERR_FAILED @ chrome-extension://invalid/:0
[   39806ms] [ERROR] Failed to load resource: net::ERR_FAILED @ chrome-extension://invalid/:0
[   39909ms] [ERROR] Failed to load resource: net::ERR_FAILED @ chrome-extension://invalid/:0
[   40010ms] [ERROR] Failed to load resource: net::ERR_FAILED @ chrome-extension://invalid/:0
[   40111ms] [ERROR] Failed to load resource: net::ERR_FAILED @ chrome-extension://invalid/:0
[   40213ms] [ERROR] Failed to load resource: net::ERR_FAILED @ chrome-extension://invalid/:0
[   40316ms] [ERROR] Failed to load resource: net::ERR_FAILED @ chrome-extension://invalid/:0
[   40418ms] [ERROR] Failed to load resource: net::ERR_FAILED @ chrome-extension://invalid/:0
[   40520ms] [ERROR] Failed to load resource: net::ERR_FAILED @ chrome-extension://invalid/:0
[   40622ms] [ERROR] Failed to load resource: net::ERR_FAILED @ chrome-extension://invalid/:0
[   40724ms] [ERROR] Failed to load resource: net::ERR_FAILED @ chrome-extension://invalid/:0
[   40829ms] [ERROR] Failed to load resource: net::ERR_FAILED @ chrome-extension://invalid/:0
[   40931ms] [ERROR] Failed to load resource: net::ERR_FAILED @ chrome-extension://invalid/:0
[   41032ms] [ERROR] Failed to load resource: net::ERR_FAILED @ chrome-extension://invalid/:0
[   41135ms] [ERROR] Failed to load resource: net::ERR_FAILED @ chrome-extension://invalid/:0
[   41236ms] [ERROR] Failed to load resource: net::ERR_FAILED @ chrome-extension://invalid/:0
[   41338ms] [ERROR] Failed to load resource: net::ERR_FAILED @ chrome-extension://invalid/:0
[   41439ms] [ERROR] Failed to load resource: net::ERR_FAILED @ chrome-extension://invalid/:0
[   41543ms] [ERROR] Failed to load resource: net::ERR_FAILED @ chrome-extension://invalid/:0
[   41644ms] [ERROR] Failed to load resource: net::ERR_FAILED @ chrome-extension://invalid/:0
[   41746ms] [ERROR] Failed to load resource: net::ERR_FAILED @ chrome-extension://invalid/:0
[   41848ms] [ERROR] Failed to load resource: net::ERR_FAILED @ chrome-extension://invalid/:0
[   41949ms] [ERROR] Failed to load resource: net::ERR_FAILED @ chrome-extension://invalid/:0
[   42053ms] [ERROR] Failed to load resource: net::ERR_FAILED @ chrome-extension://invalid/:0
[   42155ms] [ERROR] Failed to load resource: net::ERR_FAILED @ chrome-extension://invalid/:0
[   42260ms] [ERROR] Failed to load resource: net::ERR_FAILED @ chrome-extension://invalid/:0
[   42364ms] [ERROR] Failed to load resource: net::ERR_FAILED @ chrome-extension://invalid/:0
[   42468ms] [ERROR] Failed to load resource: net::ERR_FAILED @ chrome-extension://invalid/:0
[   42570ms] [ERROR] Failed to load resource: net::ERR_FAILED @ chrome-extension://invalid/:0
[   42676ms] [ERROR] Failed to load resource: net::ERR_FAILED @ chrome-extension://invalid/:0
[   42780ms] [ERROR] Failed to load resource: net::ERR_FAILED @ chrome-extension://invalid/:0
[   42882ms] [ERROR] Failed to load resource: net::ERR_FAILED @ chrome-extension://invalid/:0
[   42985ms] [ERROR] Failed to load resource: net::ERR_FAILED @ chrome-extension://invalid/:0
[   43091ms] [ERROR] Failed to load resource: net::ERR_FAILED @ chrome-extension://invalid/:0
[   43196ms] [ERROR] Failed to load resource: net::ERR_FAILED @ chrome-extension://invalid/:0
[   43299ms] [ERROR] Failed to load resource: net::ERR_FAILED @ chrome-extension://invalid/:0
[   43402ms] [ERROR] Failed to load resource: net::ERR_FAILED @ chrome-extension://invalid/:0
[   43508ms] [ERROR] Failed to load resource: net::ERR_FAILED @ chrome-extension://invalid/:0
[   43609ms] [ERROR] Failed to load resource: net::ERR_FAILED @ chrome-extension://invalid/:0
[   43710ms] [ERROR] Failed to load resource: net::ERR_FAILED @ chrome-extension://invalid/:0
[   43812ms] [ERROR] Failed to load resource: net::ERR_FAILED @ chrome-extension://invalid/:0
[   43912ms] [ERROR] Failed to load resource: net::ERR_FAILED @ chrome-extension://invalid/:0
[   44014ms] [ERROR] Failed to load resource: net::ERR_FAILED @ chrome-extension://invalid/:0
[   44116ms] [ERROR] Failed to load resource: net::ERR_FAILED @ chrome-extension://invalid/:0
[   44218ms] [ERROR] Failed to load resource: net::ERR_FAILED @ chrome-extension://invalid/:0
[   44321ms] [ERROR] Failed to load resource: net::ERR_FAILED @ chrome-extension://invalid/:0
[   44425ms] [ERROR] Failed to load resource: net::ERR_FAILED @ chrome-extension://invalid/:0
[   44529ms] [ERROR] Failed to load resource: net::ERR_FAILED @ chrome-extension://invalid/:0
[   44630ms] [ERROR] Failed to load resource: net::ERR_FAILED @ chrome-extension://invalid/:0
[   44733ms] [ERROR] Failed to load resource: net::ERR_FAILED @ chrome-extension://invalid/:0
[   44835ms] [ERROR] Failed to load resource: net::ERR_FAILED @ chrome-extension://invalid/:0
[   44937ms] [ERROR] Failed to load resource: net::ERR_FAILED @ chrome-extension://invalid/:0
[   45039ms] [ERROR] Failed to load resource: net::ERR_FAILED @ chrome-extension://invalid/:0
[   45141ms] [ERROR] Failed to load resource: net::ERR_FAILED @ chrome-extension://invalid/:0
[   45243ms] [ERROR] Failed to load resource: net::ERR_FAILED @ chrome-extension://invalid/:0
[   45345ms] [ERROR] Failed to load resource: net::ERR_FAILED @ chrome-extension://invalid/:0
[   45446ms] [ERROR] Failed to load resource: net::ERR_FAILED @ chrome-extension://invalid/:0
[   45547ms] [ERROR] Failed to load resource: net::ERR_FAILED @ chrome-extension://invalid/:0
[   45650ms] [ERROR] Failed to load resource: net::ERR_FAILED @ chrome-extension://invalid/:0
[   45752ms] [ERROR] Failed to load resource: net::ERR_FAILED @ chrome-extension://invalid/:0
[   45855ms] [ERROR] Failed to load resource: net::ERR_FAILED @ chrome-extension://invalid/:0
[   45960ms] [ERROR] Failed to load resource: net::ERR_FAILED @ chrome-extension://invalid/:0
[   46062ms] [ERROR] Failed to load resource: net::ERR_FAILED @ chrome-extension://invalid/:0
[   46167ms] [ERROR] Failed to load resource: net::ERR_FAILED @ chrome-extension://invalid/:0
[   46270ms] [ERROR] Failed to load resource: net::ERR_FAILED @ chrome-extension://invalid/:0
[   46372ms] [ERROR] Failed to load resource: net::ERR_FAILED @ chrome-extension://invalid/:0
[   46474ms] [ERROR] Failed to load resource: net::ERR_FAILED @ chrome-extension://invalid/:0
[   46578ms] [ERROR] Failed to load resource: net::ERR_FAILED @ chrome-extension://invalid/:0
[   46684ms] [ERROR] Failed to load resource: net::ERR_FAILED @ chrome-extension://invalid/:0
[   46789ms] [ERROR] Failed to load resource: net::ERR_FAILED @ chrome-extension://invalid/:0
[   46893ms] [ERROR] Failed to load resource: net::ERR_FAILED @ chrome-extension://invalid/:0
[   46998ms] [ERROR] Failed to load resource: net::ERR_FAILED @ chrome-extension://invalid/:0
[   47100ms] [ERROR] Failed to load resource: net::ERR_FAILED @ chrome-extension://invalid/:0
[   47202ms] [ERROR] Failed to load resource: net::ERR_FAILED @ chrome-extension://invalid/:0
[   47304ms] [ERROR] Failed to load resource: net::ERR_FAILED @ chrome-extension://invalid/:0
[   47405ms] [ERROR] Failed to load resource: net::ERR_FAILED @ chrome-extension://invalid/:0
[   47511ms] [ERROR] Failed to load resource: net::ERR_FAILED @ chrome-extension://invalid/:0
[   47614ms] [ERROR] Failed to load resource: net::ERR_FAILED @ chrome-extension://invalid/:0
[   47715ms] [ERROR] Failed to load resource: net::ERR_FAILED @ chrome-extension://invalid/:0
[   47818ms] [ERROR] Failed to load resource: net::ERR_FAILED @ chrome-extension://invalid/:0
[   47920ms] [ERROR] Failed to load resource: net::ERR_FAILED @ chrome-extension://invalid/:0
[   48025ms] [ERROR] Failed to load resource: net::ERR_FAILED @ chrome-extension://invalid/:0
[   48127ms] [ERROR] Failed to load resource: net::ERR_FAILED @ chrome-extension://invalid/:0
[   48229ms] [ERROR] Failed to load resource: net::ERR_FAILED @ chrome-extension://invalid/:0
[   48333ms] [ERROR] Failed to load resource: net::ERR_FAILED @ chrome-extension://invalid/:0
[   48438ms] [ERROR] Failed to load resource: net::ERR_FAILED @ chrome-extension://invalid/:0
[   48539ms] [ERROR] Failed to load resource: net::ERR_FAILED @ chrome-extension://invalid/:0
[   48642ms] [ERROR] Failed to load resource: net::ERR_FAILED @ chrome-extension://invalid/:0
[   48744ms] [ERROR] Failed to load resource: net::ERR_FAILED @ chrome-extension://invalid/:0
[   48845ms] [ERROR] Failed to load resource: net::ERR_FAILED @ chrome-extension://invalid/:0
[   48946ms] [ERROR] Failed to load resource: net::ERR_FAILED @ chrome-extension://invalid/:0
[   49049ms] [ERROR] Failed to load resource: net::ERR_FAILED @ chrome-extension://invalid/:0
[   49152ms] [ERROR] Failed to load resource: net::ERR_FAILED @ chrome-extension://invalid/:0
[   49255ms] [ERROR] Failed to load resource: net::ERR_FAILED @ chrome-extension://invalid/:0
[   49357ms] [ERROR] Failed to load resource: net::ERR_FAILED @ chrome-extension://invalid/:0
[   49461ms] [ERROR] Failed to load resource: net::ERR_FAILED @ chrome-extension://invalid/:0
[   49563ms] [ERROR] Failed to load resource: net::ERR_FAILED @ chrome-extension://invalid/:0
[   49667ms] [ERROR] Failed to load resource: net::ERR_FAILED @ chrome-extension://invalid/:0
[   49769ms] [ERROR] Failed to load resource: net::ERR_FAILED @ chrome-extension://invalid/:0
[   49873ms] [ERROR] Failed to load resource: net::ERR_FAILED @ chrome-extension://invalid/:0
[   49976ms] [ERROR] Failed to load resource: net::ERR_FAILED @ chrome-extension://invalid/:0
[   50078ms] [ERROR] Failed to load resource: net::ERR_FAILED @ chrome-extension://invalid/:0
[   50183ms] [ERROR] Failed to load resource: net::ERR_FAILED @ chrome-extension://invalid/:0
[   50285ms] [ERROR] Failed to load resource: net::ERR_FAILED @ chrome-extension://invalid/:0
[   50386ms] [ERROR] Failed to load resource: net::ERR_FAILED @ chrome-extension://invalid/:0
[   50491ms] [ERROR] Failed to load resource: net::ERR_FAILED @ chrome-extension://invalid/:0
[   50598ms] [ERROR] Failed to load resource: net::ERR_FAILED @ chrome-extension://invalid/:0
[   50699ms] [ERROR] Failed to load resource: net::ERR_FAILED @ chrome-extension://invalid/:0
[   50804ms] [ERROR] Failed to load resource: net::ERR_FAILED @ chrome-extension://invalid/:0
[   50908ms] [ERROR] Failed to load resource: net::ERR_FAILED @ chrome-extension://invalid/:0
[   51010ms] [ERROR] Failed to load resource: net::ERR_FAILED @ chrome-extension://invalid/:0
[   51112ms] [ERROR] Failed to load resource: net::ERR_FAILED @ chrome-extension://invalid/:0
[   51214ms] [ERROR] Failed to load resource: net::ERR_FAILED @ chrome-extension://invalid/:0
[   51317ms] [ERROR] Failed to load resource: net::ERR_FAILED @ chrome-extension://invalid/:0
[   51419ms] [ERROR] Failed to load resource: net::ERR_FAILED @ chrome-extension://invalid/:0
[   51521ms] [ERROR] Failed to load resource: net::ERR_FAILED @ chrome-extension://invalid/:0
[   51624ms] [ERROR] Failed to load resource: net::ERR_FAILED @ chrome-extension://invalid/:0
[   51726ms] [ERROR] Failed to load resource: net::ERR_FAILED @ chrome-extension://invalid/:0
[   51831ms] [ERROR] Failed to load resource: net::ERR_FAILED @ chrome-extension://invalid/:0
[   51936ms] [ERROR] Failed to load resource: net::ERR_FAILED @ chrome-extension://invalid/:0
[   52039ms] [ERROR] Failed to load resource: net::ERR_FAILED @ chrome-extension://invalid/:0
[   52140ms] [ERROR] Failed to load resource: net::ERR_FAILED @ chrome-extension://invalid/:0
[   52242ms] [ERROR] Failed to load resource: net::ERR_FAILED @ chrome-extension://invalid/:0
[   52344ms] [ERROR] Failed to load resource: net::ERR_FAILED @ chrome-extension://invalid/:0
[   52447ms] [ERROR] Failed to load resource: net::ERR_FAILED @ chrome-extension://invalid/:0
[   52550ms] [ERROR] Failed to load resource: net::ERR_FAILED @ chrome-extension://invalid/:0
[   52651ms] [ERROR] Failed to load resource: net::ERR_FAILED @ chrome-extension://invalid/:0
[   52756ms] [ERROR] Failed to load resource: net::ERR_FAILED @ chrome-extension://invalid/:0
[   52859ms] [ERROR] Failed to load resource: net::ERR_FAILED @ chrome-extension://invalid/:0
[   52964ms] [ERROR] Failed to load resource: net::ERR_FAILED @ chrome-extension://invalid/:0
[   53067ms] [ERROR] Failed to load resource: net::ERR_FAILED @ chrome-extension://invalid/:0
[   53169ms] [ERROR] Failed to load resource: net::ERR_FAILED @ chrome-extension://invalid/:0
[   53271ms] [ERROR] Failed to load resource: net::ERR_FAILED @ chrome-extension://invalid/:0
[   53374ms] [ERROR] Failed to load resource: net::ERR_FAILED @ chrome-extension://invalid/:0
[   53476ms] [ERROR] Failed to load resource: net::ERR_FAILED @ chrome-extension://invalid/:0
[   53578ms] [ERROR] Failed to load resource: net::ERR_FAILED @ chrome-extension://invalid/:0
[   53681ms] [ERROR] Failed to load resource: net::ERR_FAILED @ chrome-extension://invalid/:0
[   53783ms] [ERROR] Failed to load resource: net::ERR_FAILED @ chrome-extension://invalid/:0
[   53884ms] [ERROR] Failed to load resource: net::ERR_FAILED @ chrome-extension://invalid/:0
[   53988ms] [ERROR] Failed to load resource: net::ERR_FAILED @ chrome-extension://invalid/:0
[   54091ms] [ERROR] Failed to load resource: net::ERR_FAILED @ chrome-extension://invalid/:0
[   54193ms] [ERROR] Failed to load resource: net::ERR_FAILED @ chrome-extension://invalid/:0
[   54298ms] [ERROR] Failed to load resource: net::ERR_FAILED @ chrome-extension://invalid/:0
[   54400ms] [ERROR] Failed to load resource: net::ERR_FAILED @ chrome-extension://invalid/:0
[   54505ms] [ERROR] Failed to load resource: net::ERR_FAILED @ chrome-extension://invalid/:0
[   54608ms] [ERROR] Failed to load resource: net::ERR_FAILED @ chrome-extension://invalid/:0
[   54710ms] [ERROR] Failed to load resource: net::ERR_FAILED @ chrome-extension://invalid/:0
[   54811ms] [ERROR] Failed to load resource: net::ERR_FAILED @ chrome-extension://invalid/:0
[   54914ms] [ERROR] Failed to load resource: net::ERR_FAILED @ chrome-extension://invalid/:0
[   55016ms] [ERROR] Failed to load resource: net::ERR_FAILED @ chrome-extension://invalid/:0
[   55121ms] [ERROR] Failed to load resource: net::ERR_FAILED @ chrome-extension://invalid/:0
[   55225ms] [ERROR] Failed to load resource: net::ERR_FAILED @ chrome-extension://invalid/:0
[   55330ms] [ERROR] Failed to load resource: net::ERR_FAILED @ chrome-extension://invalid/:0
[   55436ms] [ERROR] Failed to load resource: net::ERR_FAILED @ chrome-extension://invalid/:0
[   55539ms] [ERROR] Failed to load resource: net::ERR_FAILED @ chrome-extension://invalid/:0
[   55641ms] [ERROR] Failed to load resource: net::ERR_FAILED @ chrome-extension://invalid/:0
[   55743ms] [ERROR] Failed to load resource: net::ERR_FAILED @ chrome-extension://invalid/:0
[   55844ms] [ERROR] Failed to load resource: net::ERR_FAILED @ chrome-extension://invalid/:0
[   55946ms] [ERROR] Failed to load resource: net::ERR_FAILED @ chrome-extension://invalid/:0
[   56053ms] [ERROR] Failed to load resource: net::ERR_FAILED @ chrome-extension://invalid/:0
[   56157ms] [ERROR] Failed to load resource: net::ERR_FAILED @ chrome-extension://invalid/:0
[   56260ms] [ERROR] Failed to load resource: net::ERR_FAILED @ chrome-extension://invalid/:0
[   56364ms] [ERROR] Failed to load resource: net::ERR_FAILED @ chrome-extension://invalid/:0
[   56470ms] [ERROR] Failed to load resource: net::ERR_FAILED @ chrome-extension://invalid/:0
[   56573ms] [ERROR] Failed to load resource: net::ERR_FAILED @ chrome-extension://invalid/:0
[   56676ms] [ERROR] Failed to load resource: net::ERR_FAILED @ chrome-extension://invalid/:0
[   56780ms] [ERROR] Failed to load resource: net::ERR_FAILED @ chrome-extension://invalid/:0
[   56882ms] [ERROR] Failed to load resource: net::ERR_FAILED @ chrome-extension://invalid/:0
[   56985ms] [ERROR] Failed to load resource: net::ERR_FAILED @ chrome-extension://invalid/:0
[   57088ms] [ERROR] Failed to load resource: net::ERR_FAILED @ chrome-extension://invalid/:0
[   57192ms] [ERROR] Failed to load resource: net::ERR_FAILED @ chrome-extension://invalid/:0
[   57299ms] [ERROR] Failed to load resource: net::ERR_FAILED @ chrome-extension://invalid/:0
[   57400ms] [ERROR] Failed to load resource: net::ERR_FAILED @ chrome-extension://invalid/:0
[   57502ms] [ERROR] Failed to load resource: net::ERR_FAILED @ chrome-extension://invalid/:0
[   57604ms] [ERROR] Failed to load resource: net::ERR_FAILED @ chrome-extension://invalid/:0
[   57710ms] [ERROR] Failed to load resource: net::ERR_FAILED @ chrome-extension://invalid/:0
[   57812ms] [ERROR] Failed to load resource: net::ERR_FAILED @ chrome-extension://invalid/:0
[   57914ms] [ERROR] Failed to load resource: net::ERR_FAILED @ chrome-extension://invalid/:0
[   58015ms] [ERROR] Failed to load resource: net::ERR_FAILED @ chrome-extension://invalid/:0
[   58116ms] [ERROR] Failed to load resource: net::ERR_FAILED @ chrome-extension://invalid/:0
[   58219ms] [ERROR] Failed to load resource: net::ERR_FAILED @ chrome-extension://invalid/:0
[   58323ms] [ERROR] Failed to load resource: net::ERR_FAILED @ chrome-extension://invalid/:0
[   58426ms] [ERROR] Failed to load resource: net::ERR_FAILED @ chrome-extension://invalid/:0
[   58531ms] [ERROR] Failed to load resource: net::ERR_FAILED @ chrome-extension://invalid/:0
[   58635ms] [ERROR] Failed to load resource: net::ERR_FAILED @ chrome-extension://invalid/:0
[   58738ms] [ERROR] Failed to load resource: net::ERR_FAILED @ chrome-extension://invalid/:0
[   58839ms] [ERROR] Failed to load resource: net::ERR_FAILED @ chrome-extension://invalid/:0
[   58941ms] [ERROR] Failed to load resource: net::ERR_FAILED @ chrome-extension://invalid/:0
[   59044ms] [ERROR] Failed to load resource: net::ERR_FAILED @ chrome-extension://invalid/:0
[   59145ms] [ERROR] Failed to load resource: net::ERR_FAILED @ chrome-extension://invalid/:0
[   59248ms] [ERROR] Failed to load resource: net::ERR_FAILED @ chrome-extension://invalid/:0
[   59351ms] [ERROR] Failed to load resource: net::ERR_FAILED @ chrome-extension://invalid/:0
[   59455ms] [ERROR] Failed to load resource: net::ERR_FAILED @ chrome-extension://invalid/:0
[   59559ms] [ERROR] Failed to load resource: net::ERR_FAILED @ chrome-extension://invalid/:0
[   59661ms] [ERROR] Failed to load resource: net::ERR_FAILED @ chrome-extension://invalid/:0
[   59762ms] [ERROR] Failed to load resource: net::ERR_FAILED @ chrome-extension://invalid/:0
[   59864ms] [ERROR] Failed to load resource: net::ERR_FAILED @ chrome-extension://invalid/:0
[   59969ms] [ERROR] Failed to load resource: net::ERR_FAILED @ chrome-extension://invalid/:0
[   60072ms] [ERROR] Failed to load resource: net::ERR_FAILED @ chrome-extension://invalid/:0
[   60177ms] [ERROR] Failed to load resource: net::ERR_FAILED @ chrome-extension://invalid/:0
[   60282ms] [ERROR] Failed to load resource: net::ERR_FAILED @ chrome-extension://invalid/:0
[   60384ms] [ERROR] Failed to load resource: net::ERR_FAILED @ chrome-extension://invalid/:0
[   60487ms] [ERROR] Failed to load resource: net::ERR_FAILED @ chrome-extension://invalid/:0
[   60592ms] [ERROR] Failed to load resource: net::ERR_FAILED @ chrome-extension://invalid/:0
[   60696ms] [ERROR] Failed to load resource: net::ERR_FAILED @ chrome-extension://invalid/:0
[   60798ms] [ERROR] Failed to load resource: net::ERR_FAILED @ chrome-extension://invalid/:0
[   60900ms] [ERROR] Failed to load resource: net::ERR_FAILED @ chrome-extension://invalid/:0
[   61005ms] [ERROR] Failed to load resource: net::ERR_FAILED @ chrome-extension://invalid/:0
[   61110ms] [ERROR] Failed to load resource: net::ERR_FAILED @ chrome-extension://invalid/:0
[   61212ms] [ERROR] Failed to load resource: net::ERR_FAILED @ chrome-extension://invalid/:0
[   61314ms] [ERROR] Failed to load resource: net::ERR_FAILED @ chrome-extension://invalid/:0
[   61416ms] [ERROR] Failed to load resource: net::ERR_FAILED @ chrome-extension://invalid/:0
[   61519ms] [ERROR] Failed to load resource: net::ERR_FAILED @ chrome-extension://invalid/:0
[   61621ms] [ERROR] Failed to load resource: net::ERR_FAILED @ chrome-extension://invalid/:0
[   61726ms] [ERROR] Failed to load resource: net::ERR_FAILED @ chrome-extension://invalid/:0
[   61832ms] [ERROR] Failed to load resource: net::ERR_FAILED @ chrome-extension://invalid/:0
[   61934ms] [ERROR] Failed to load resource: net::ERR_FAILED @ chrome-extension://invalid/:0
[   62036ms] [ERROR] Failed to load resource: net::ERR_FAILED @ chrome-extension://invalid/:0
[   62137ms] [ERROR] Failed to load resource: net::ERR_FAILED @ chrome-extension://invalid/:0
[   62238ms] [ERROR] Failed to load resource: net::ERR_FAILED @ chrome-extension://invalid/:0
[   62340ms] [ERROR] Failed to load resource: net::ERR_FAILED @ chrome-extension://invalid/:0
[   62441ms] [ERROR] Failed to load resource: net::ERR_FAILED @ chrome-extension://invalid/:0
[   62542ms] [ERROR] Failed to load resource: net::ERR_FAILED @ chrome-extension://invalid/:0
[   62643ms] [ERROR] Failed to load resource: net::ERR_FAILED @ chrome-extension://invalid/:0
[   62744ms] [ERROR] Failed to load resource: net::ERR_FAILED @ chrome-extension://invalid/:0
[   62846ms] [ERROR] Failed to load resource: net::ERR_FAILED @ chrome-extension://invalid/:0
[   62949ms] [ERROR] Failed to load resource: net::ERR_FAILED @ chrome-extension://invalid/:0
[   63050ms] [ERROR] Failed to load resource: net::ERR_FAILED @ chrome-extension://invalid/:0
[   63153ms] [ERROR] Failed to load resource: net::ERR_FAILED @ chrome-extension://invalid/:0
[   63255ms] [ERROR] Failed to load resource: net::ERR_FAILED @ chrome-extension://invalid/:0
[   63359ms] [ERROR] Failed to load resource: net::ERR_FAILED @ chrome-extension://invalid/:0
[   63462ms] [ERROR] Failed to load resource: net::ERR_FAILED @ chrome-extension://invalid/:0
[   63568ms] [ERROR] Failed to load resource: net::ERR_FAILED @ chrome-extension://invalid/:0
[   63672ms] [ERROR] Failed to load resource: net::ERR_FAILED @ chrome-extension://invalid/:0
[   63775ms] [ERROR] Failed to load resource: net::ERR_FAILED @ chrome-extension://invalid/:0
[   63877ms] [ERROR] Failed to load resource: net::ERR_FAILED @ chrome-extension://invalid/:0
[   63980ms] [ERROR] Failed to load resource: net::ERR_FAILED @ chrome-extension://invalid/:0
[   64083ms] [ERROR] Failed to load resource: net::ERR_FAILED @ chrome-extension://invalid/:0
[   64185ms] [ERROR] Failed to load resource: net::ERR_FAILED @ chrome-extension://invalid/:0
[   64291ms] [ERROR] Failed to load resource: net::ERR_FAILED @ chrome-extension://invalid/:0
[   64393ms] [ERROR] Failed to load resource: net::ERR_FAILED @ chrome-extension://invalid/:0
[   64495ms] [ERROR] Failed to load resource: net::ERR_FAILED @ chrome-extension://invalid/:0
[   64599ms] [ERROR] Failed to load resource: net::ERR_FAILED @ chrome-extension://invalid/:0
[   64702ms] [ERROR] Failed to load resource: net::ERR_FAILED @ chrome-extension://invalid/:0
[   64804ms] [ERROR] Failed to load resource: net::ERR_FAILED @ chrome-extension://invalid/:0
[   64910ms] [ERROR] Failed to load resource: net::ERR_FAILED @ chrome-extension://invalid/:0
[   65015ms] [ERROR] Failed to load resource: net::ERR_FAILED @ chrome-extension://invalid/:0
[   65119ms] [ERROR] Failed to load resource: net::ERR_FAILED @ chrome-extension://invalid/:0
[   65222ms] [ERROR] Failed to load resource: net::ERR_FAILED @ chrome-extension://invalid/:0
[   65324ms] [ERROR] Failed to load resource: net::ERR_FAILED @ chrome-extension://invalid/:0
[   65426ms] [ERROR] Failed to load resource: net::ERR_FAILED @ chrome-extension://invalid/:0
[   65527ms] [ERROR] Failed to load resource: net::ERR_FAILED @ chrome-extension://invalid/:0
[   65633ms] [ERROR] Failed to load resource: net::ERR_FAILED @ chrome-extension://invalid/:0
[   65734ms] [ERROR] Failed to load resource: net::ERR_FAILED @ chrome-extension://invalid/:0
[   65837ms] [ERROR] Failed to load resource: net::ERR_FAILED @ chrome-extension://invalid/:0
[   65939ms] [ERROR] Failed to load resource: net::ERR_FAILED @ chrome-extension://invalid/:0
[   66043ms] [ERROR] Failed to load resource: net::ERR_FAILED @ chrome-extension://invalid/:0
[   66145ms] [ERROR] Failed to load resource: net::ERR_FAILED @ chrome-extension://invalid/:0
[   66247ms] [ERROR] Failed to load resource: net::ERR_FAILED @ chrome-extension://invalid/:0
[   66349ms] [ERROR] Failed to load resource: net::ERR_FAILED @ chrome-extension://invalid/:0
[   66450ms] [ERROR] Failed to load resource: net::ERR_FAILED @ chrome-extension://invalid/:0
[   66552ms] [ERROR] Failed to load resource: net::ERR_FAILED @ chrome-extension://invalid/:0
[   66656ms] [ERROR] Failed to load resource: net::ERR_FAILED @ chrome-extension://invalid/:0
[   66758ms] [ERROR] Failed to load resource: net::ERR_FAILED @ chrome-extension://invalid/:0
[   66860ms] [ERROR] Failed to load resource: net::ERR_FAILED @ chrome-extension://invalid/:0
[   66965ms] [ERROR] Failed to load resource: net::ERR_FAILED @ chrome-extension://invalid/:0
[   67071ms] [ERROR] Failed to load resource: net::ERR_FAILED @ chrome-extension://invalid/:0
[   67177ms] [ERROR] Failed to load resource: net::ERR_FAILED @ chrome-extension://invalid/:0
[   67281ms] [ERROR] Failed to load resource: net::ERR_FAILED @ chrome-extension://invalid/:0
[   67384ms] [ERROR] Failed to load resource: net::ERR_FAILED @ chrome-extension://invalid/:0
[   67489ms] [ERROR] Failed to load resource: net::ERR_FAILED @ chrome-extension://invalid/:0
[   67591ms] [ERROR] Failed to load resource: net::ERR_FAILED @ chrome-extension://invalid/:0
[   67693ms] [ERROR] Failed to load resource: net::ERR_FAILED @ chrome-extension://invalid/:0
[   67795ms] [ERROR] Failed to load resource: net::ERR_FAILED @ chrome-extension://invalid/:0
[   67902ms] [ERROR] Failed to load resource: net::ERR_FAILED @ chrome-extension://invalid/:0
[   68008ms] [ERROR] Failed to load resource: net::ERR_FAILED @ chrome-extension://invalid/:0
[   68111ms] [ERROR] Failed to load resource: net::ERR_FAILED @ chrome-extension://invalid/:0
[   68213ms] [ERROR] Failed to load resource: net::ERR_FAILED @ chrome-extension://invalid/:0
[   68316ms] [ERROR] Failed to load resource: net::ERR_FAILED @ chrome-extension://invalid/:0
[   68419ms] [ERROR] Failed to load resource: net::ERR_FAILED @ chrome-extension://invalid/:0
[   68520ms] [ERROR] Failed to load resource: net::ERR_FAILED @ chrome-extension://invalid/:0
[   68623ms] [ERROR] Failed to load resource: net::ERR_FAILED @ chrome-extension://invalid/:0
[   68725ms] [ERROR] Failed to load resource: net::ERR_FAILED @ chrome-extension://invalid/:0
[   68831ms] [ERROR] Failed to load resource: net::ERR_FAILED @ chrome-extension://invalid/:0
[   68937ms] [ERROR] Failed to load resource: net::ERR_FAILED @ chrome-extension://invalid/:0
[   69039ms] [ERROR] Failed to load resource: net::ERR_FAILED @ chrome-extension://invalid/:0
[   69140ms] [ERROR] Failed to load resource: net::ERR_FAILED @ chrome-extension://invalid/:0
[   69243ms] [ERROR] Failed to load resource: net::ERR_FAILED @ chrome-extension://invalid/:0
[   69345ms] [ERROR] Failed to load resource: net::ERR_FAILED @ chrome-extension://invalid/:0
[   69447ms] [ERROR] Failed to load resource: net::ERR_FAILED @ chrome-extension://invalid/:0
[   69549ms] [ERROR] Failed to load resource: net::ERR_FAILED @ chrome-extension://invalid/:0
[   69653ms] [ERROR] Failed to load resource: net::ERR_FAILED @ chrome-extension://invalid/:0
[   69755ms] [ERROR] Failed to load resource: net::ERR_FAILED @ chrome-extension://invalid/:0
[   69860ms] [ERROR] Failed to load resource: net::ERR_FAILED @ chrome-extension://invalid/:0
[   69965ms] [ERROR] Failed to load resource: net::ERR_FAILED @ chrome-extension://invalid/:0
[   70069ms] [ERROR] Failed to load resource: net::ERR_FAILED @ chrome-extension://invalid/:0
[   70173ms] [ERROR] Failed to load resource: net::ERR_FAILED @ chrome-extension://invalid/:0
[   70276ms] [ERROR] Failed to load resource: net::ERR_FAILED @ chrome-extension://invalid/:0
[   70378ms] [ERROR] Failed to load resource: net::ERR_FAILED @ chrome-extension://invalid/:0
[   70480ms] [ERROR] Failed to load resource: net::ERR_FAILED @ chrome-extension://invalid/:0
[   70586ms] [ERROR] Failed to load resource: net::ERR_FAILED @ chrome-extension://invalid/:0
[   70690ms] [ERROR] Failed to load resource: net::ERR_FAILED @ chrome-extension://invalid/:0
[   70793ms] [ERROR] Failed to load resource: net::ERR_FAILED @ chrome-extension://invalid/:0
[   70895ms] [ERROR] Failed to load resource: net::ERR_FAILED @ chrome-extension://invalid/:0
[   71000ms] [ERROR] Failed to load resource: net::ERR_FAILED @ chrome-extension://invalid/:0
[   71103ms] [ERROR] Failed to load resource: net::ERR_FAILED @ chrome-extension://invalid/:0
[   71205ms] [ERROR] Failed to load resource: net::ERR_FAILED @ chrome-extension://invalid/:0
[   71309ms] [ERROR] Failed to load resource: net::ERR_FAILED @ chrome-extension://invalid/:0
[   71411ms] [ERROR] Failed to load resource: net::ERR_FAILED @ chrome-extension://invalid/:0
[   71514ms] [ERROR] Failed to load resource: net::ERR_FAILED @ chrome-extension://invalid/:0
[   71616ms] [ERROR] Failed to load resource: net::ERR_FAILED @ chrome-extension://invalid/:0
[   71718ms] [ERROR] Failed to load resource: net::ERR_FAILED @ chrome-extension://invalid/:0
[   71823ms] [ERROR] Failed to load resource: net::ERR_FAILED @ chrome-extension://invalid/:0
[   71925ms] [ERROR] Failed to load resource: net::ERR_FAILED @ chrome-extension://invalid/:0
[   72027ms] [ERROR] Failed to load resource: net::ERR_FAILED @ chrome-extension://invalid/:0
[   72129ms] [ERROR] Failed to load resource: net::ERR_FAILED @ chrome-extension://invalid/:0
[   72235ms] [ERROR] Failed to load resource: net::ERR_FAILED @ chrome-extension://invalid/:0
[   72337ms] [ERROR] Failed to load resource: net::ERR_FAILED @ chrome-extension://invalid/:0
[   72439ms] [ERROR] Failed to load resource: net::ERR_FAILED @ chrome-extension://invalid/:0
[   72541ms] [ERROR] Failed to load resource: net::ERR_FAILED @ chrome-extension://invalid/:0
[   72643ms] [ERROR] Failed to load resource: net::ERR_FAILED @ chrome-extension://invalid/:0
[   72745ms] [ERROR] Failed to load resource: net::ERR_FAILED @ chrome-extension://invalid/:0
[   72847ms] [ERROR] Failed to load resource: net::ERR_FAILED @ chrome-extension://invalid/:0
[   72950ms] [ERROR] Failed to load resource: net::ERR_FAILED @ chrome-extension://invalid/:0
[   73052ms] [ERROR] Failed to load resource: net::ERR_FAILED @ chrome-extension://invalid/:0
[   73155ms] [ERROR] Failed to load resource: net::ERR_FAILED @ chrome-extension://invalid/:0
[   73259ms] [ERROR] Failed to load resource: net::ERR_FAILED @ chrome-extension://invalid/:0
[   73361ms] [ERROR] Failed to load resource: net::ERR_FAILED @ chrome-extension://invalid/:0
[   73463ms] [ERROR] Failed to load resource: net::ERR_FAILED @ chrome-extension://invalid/:0
[   73570ms] [ERROR] Failed to load resource: net::ERR_FAILED @ chrome-extension://invalid/:0
[   73672ms] [ERROR] Failed to load resource: net::ERR_FAILED @ chrome-extension://invalid/:0
[   73775ms] [ERROR] Failed to load resource: net::ERR_FAILED @ chrome-extension://invalid/:0
[   73877ms] [ERROR] Failed to load resource: net::ERR_FAILED @ chrome-extension://invalid/:0
[   73983ms] [ERROR] Failed to load resource: net::ERR_FAILED @ chrome-extension://invalid/:0
[   74085ms] [ERROR] Failed to load resource: net::ERR_FAILED @ chrome-extension://invalid/:0
[   74187ms] [ERROR] Failed to load resource: net::ERR_FAILED @ chrome-extension://invalid/:0
[   74289ms] [ERROR] Failed to load resource: net::ERR_FAILED @ chrome-extension://invalid/:0
[   74391ms] [ERROR] Failed to load resource: net::ERR_FAILED @ chrome-extension://invalid/:0
[   74493ms] [ERROR] Failed to load resource: net::ERR_FAILED @ chrome-extension://invalid/:0
[   74599ms] [ERROR] Failed to load resource: net::ERR_FAILED @ chrome-extension://invalid/:0
[   74702ms] [ERROR] Failed to load resource: net::ERR_FAILED @ chrome-extension://invalid/:0
[   74807ms] [ERROR] Failed to load resource: net::ERR_FAILED @ chrome-extension://invalid/:0
[   74913ms] [ERROR] Failed to load resource: net::ERR_FAILED @ chrome-extension://invalid/:0
[   75014ms] [ERROR] Failed to load resource: net::ERR_FAILED @ chrome-extension://invalid/:0
[   75117ms] [ERROR] Failed to load resource: net::ERR_FAILED @ chrome-extension://invalid/:0
[   75220ms] [ERROR] Failed to load resource: net::ERR_FAILED @ chrome-extension://invalid/:0
[   75323ms] [ERROR] Failed to load resource: net::ERR_FAILED @ chrome-extension://invalid/:0
[   75428ms] [ERROR] Failed to load resource: net::ERR_FAILED @ chrome-extension://invalid/:0
[   75530ms] [ERROR] Failed to load resource: net::ERR_FAILED @ chrome-extension://invalid/:0
[   75634ms] [ERROR] Failed to load resource: net::ERR_FAILED @ chrome-extension://invalid/:0
[   75736ms] [ERROR] Failed to load resource: net::ERR_FAILED @ chrome-extension://invalid/:0
[   75837ms] [ERROR] Failed to load resource: net::ERR_FAILED @ chrome-extension://invalid/:0
[   75939ms] [ERROR] Failed to load resource: net::ERR_FAILED @ chrome-extension://invalid/:0
[   76041ms] [ERROR] Failed to load resource: net::ERR_FAILED @ chrome-extension://invalid/:0
[   76143ms] [ERROR] Failed to load resource: net::ERR_FAILED @ chrome-extension://invalid/:0
[   76244ms] [ERROR] Failed to load resource: net::ERR_FAILED @ chrome-extension://invalid/:0
[   76346ms] [ERROR] Failed to load resource: net::ERR_FAILED @ chrome-extension://invalid/:0
[   76447ms] [ERROR] Failed to load resource: net::ERR_FAILED @ chrome-extension://invalid/:0
[   76549ms] [ERROR] Failed to load resource: net::ERR_FAILED @ chrome-extension://invalid/:0
[   76652ms] [ERROR] Failed to load resource: net::ERR_FAILED @ chrome-extension://invalid/:0
[   76756ms] [ERROR] Failed to load resource: net::ERR_FAILED @ chrome-extension://invalid/:0
[   76860ms] [ERROR] Failed to load resource: net::ERR_FAILED @ chrome-extension://invalid/:0
[   76964ms] [ERROR] Failed to load resource: net::ERR_FAILED @ chrome-extension://invalid/:0
[   77067ms] [ERROR] Failed to load resource: net::ERR_FAILED @ chrome-extension://invalid/:0
[   77173ms] [ERROR] Failed to load resource: net::ERR_FAILED @ chrome-extension://invalid/:0
[   77279ms] [ERROR] Failed to load resource: net::ERR_FAILED @ chrome-extension://invalid/:0
[   77382ms] [ERROR] Failed to load resource: net::ERR_FAILED @ chrome-extension://invalid/:0
[   77487ms] [ERROR] Failed to load resource: net::ERR_FAILED @ chrome-extension://invalid/:0
[   77593ms] [ERROR] Failed to load resource: net::ERR_FAILED @ chrome-extension://invalid/:0
[   77694ms] [ERROR] Failed to load resource: net::ERR_FAILED @ chrome-extension://invalid/:0
[   77800ms] [ERROR] Failed to load resource: net::ERR_FAILED @ chrome-extension://invalid/:0
[   77904ms] [ERROR] Failed to load resource: net::ERR_FAILED @ chrome-extension://invalid/:0
[   78010ms] [ERROR] Failed to load resource: net::ERR_FAILED @ chrome-extension://invalid/:0
[   78111ms] [ERROR] Failed to load resource: net::ERR_FAILED @ chrome-extension://invalid/:0
[   78212ms] [ERROR] Failed to load resource: net::ERR_FAILED @ chrome-extension://invalid/:0
[   78314ms] [ERROR] Failed to load resource: net::ERR_FAILED @ chrome-extension://invalid/:0
[   78416ms] [ERROR] Failed to load resource: net::ERR_FAILED @ chrome-extension://invalid/:0
[   78519ms] [ERROR] Failed to load resource: net::ERR_FAILED @ chrome-extension://invalid/:0
[   78622ms] [ERROR] Failed to load resource: net::ERR_FAILED @ chrome-extension://invalid/:0
[   78726ms] [ERROR] Failed to load resource: net::ERR_FAILED @ chrome-extension://invalid/:0
[   78831ms] [ERROR] Failed to load resource: net::ERR_FAILED @ chrome-extension://invalid/:0
[   78937ms] [ERROR] Failed to load resource: net::ERR_FAILED @ chrome-extension://invalid/:0
[   79039ms] [ERROR] Failed to load resource: net::ERR_FAILED @ chrome-extension://invalid/:0
[   79141ms] [ERROR] Failed to load resource: net::ERR_FAILED @ chrome-extension://invalid/:0
[   79243ms] [ERROR] Failed to load resource: net::ERR_FAILED @ chrome-extension://invalid/:0
[   79344ms] [ERROR] Failed to load resource: net::ERR_FAILED @ chrome-extension://invalid/:0
[   79445ms] [ERROR] Failed to load resource: net::ERR_FAILED @ chrome-extension://invalid/:0
[   79547ms] [ERROR] Failed to load resource: net::ERR_FAILED @ chrome-extension://invalid/:0
[   79649ms] [ERROR] Failed to load resource: net::ERR_FAILED @ chrome-extension://invalid/:0
[   79752ms] [ERROR] Failed to load resource: net::ERR_FAILED @ chrome-extension://invalid/:0
[   79853ms] [ERROR] Failed to load resource: net::ERR_FAILED @ chrome-extension://invalid/:0
[   79955ms] [ERROR] Failed to load resource: net::ERR_FAILED @ chrome-extension://invalid/:0
[   80058ms] [ERROR] Failed to load resource: net::ERR_FAILED @ chrome-extension://invalid/:0
[   80160ms] [ERROR] Failed to load resource: net::ERR_FAILED @ chrome-extension://invalid/:0
[   80263ms] [ERROR] Failed to load resource: net::ERR_FAILED @ chrome-extension://invalid/:0
[   80366ms] [ERROR] Failed to load resource: net::ERR_FAILED @ chrome-extension://invalid/:0
[   80470ms] [ERROR] Failed to load resource: net::ERR_FAILED @ chrome-extension://invalid/:0
[   80573ms] [ERROR] Failed to load resource: net::ERR_FAILED @ chrome-extension://invalid/:0
[   80676ms] [ERROR] Failed to load resource: net::ERR_FAILED @ chrome-extension://invalid/:0
[   80782ms] [ERROR] Failed to load resource: net::ERR_FAILED @ chrome-extension://invalid/:0
[   80885ms] [ERROR] Failed to load resource: net::ERR_FAILED @ chrome-extension://invalid/:0
[   80990ms] [ERROR] Failed to load resource: net::ERR_FAILED @ chrome-extension://invalid/:0
[   81092ms] [ERROR] Failed to load resource: net::ERR_FAILED @ chrome-extension://invalid/:0
[   81194ms] [ERROR] Failed to load resource: net::ERR_FAILED @ chrome-extension://invalid/:0
[   81297ms] [ERROR] Failed to load resource: net::ERR_FAILED @ chrome-extension://invalid/:0
[   81399ms] [ERROR] Failed to load resource: net::ERR_FAILED @ chrome-extension://invalid/:0
[   81501ms] [ERROR] Failed to load resource: net::ERR_FAILED @ chrome-extension://invalid/:0
[   81606ms] [ERROR] Failed to load resource: net::ERR_FAILED @ chrome-extension://invalid/:0
[   81709ms] [ERROR] Failed to load resource: net::ERR_FAILED @ chrome-extension://invalid/:0
[   81810ms] [ERROR] Failed to load resource: net::ERR_FAILED @ chrome-extension://invalid/:0
[   81912ms] [ERROR] Failed to load resource: net::ERR_FAILED @ chrome-extension://invalid/:0
[   82014ms] [ERROR] Failed to load resource: net::ERR_FAILED @ chrome-extension://invalid/:0
[   82117ms] [ERROR] Failed to load resource: net::ERR_FAILED @ chrome-extension://invalid/:0
[   82221ms] [ERROR] Failed to load resource: net::ERR_FAILED @ chrome-extension://invalid/:0
[   82324ms] [ERROR] Failed to load resource: net::ERR_FAILED @ chrome-extension://invalid/:0
[   82426ms] [ERROR] Failed to load resource: net::ERR_FAILED @ chrome-extension://invalid/:0
[   82528ms] [ERROR] Failed to load resource: net::ERR_FAILED @ chrome-extension://invalid/:0
[   82633ms] [ERROR] Failed to load resource: net::ERR_FAILED @ chrome-extension://invalid/:0
[   82735ms] [ERROR] Failed to load resource: net::ERR_FAILED @ chrome-extension://invalid/:0
[   82837ms] [ERROR] Failed to load resource: net::ERR_FAILED @ chrome-extension://invalid/:0
[   82939ms] [ERROR] Failed to load resource: net::ERR_FAILED @ chrome-extension://invalid/:0
[   83042ms] [ERROR] Failed to load resource: net::ERR_FAILED @ chrome-extension://invalid/:0
[   83143ms] [ERROR] Failed to load resource: net::ERR_FAILED @ chrome-extension://invalid/:0
[   83245ms] [ERROR] Failed to load resource: net::ERR_FAILED @ chrome-extension://invalid/:0
[   83346ms] [ERROR] Failed to load resource: net::ERR_FAILED @ chrome-extension://invalid/:0
[   83447ms] [ERROR] Failed to load resource: net::ERR_FAILED @ chrome-extension://invalid/:0
[   83550ms] [ERROR] Failed to load resource: net::ERR_FAILED @ chrome-extension://invalid/:0
[   83653ms] [ERROR] Failed to load resource: net::ERR_FAILED @ chrome-extension://invalid/:0
[   83757ms] [ERROR] Failed to load resource: net::ERR_FAILED @ chrome-extension://invalid/:0
[   83859ms] [ERROR] Failed to load resource: net::ERR_FAILED @ chrome-extension://invalid/:0
[   83964ms] [ERROR] Failed to load resource: net::ERR_FAILED @ chrome-extension://invalid/:0
[   84066ms] [ERROR] Failed to load resource: net::ERR_FAILED @ chrome-extension://invalid/:0
[   84169ms] [ERROR] Failed to load resource: net::ERR_FAILED @ chrome-extension://invalid/:0
[   84271ms] [ERROR] Failed to load resource: net::ERR_FAILED @ chrome-extension://invalid/:0
[   84373ms] [ERROR] Failed to load resource: net::ERR_FAILED @ chrome-extension://invalid/:0
[   84476ms] [ERROR] Failed to load resource: net::ERR_FAILED @ chrome-extension://invalid/:0
[   84581ms] [ERROR] Failed to load resource: net::ERR_FAILED @ chrome-extension://invalid/:0
[   84683ms] [ERROR] Failed to load resource: net::ERR_FAILED @ chrome-extension://invalid/:0
[   84789ms] [ERROR] Failed to load resource: net::ERR_FAILED @ chrome-extension://invalid/:0
[   84892ms] [ERROR] Failed to load resource: net::ERR_FAILED @ chrome-extension://invalid/:0
[   84998ms] [ERROR] Failed to load resource: net::ERR_FAILED @ chrome-extension://invalid/:0
[   85100ms] [ERROR] Failed to load resource: net::ERR_FAILED @ chrome-extension://invalid/:0
[   85204ms] [ERROR] Failed to load resource: net::ERR_FAILED @ chrome-extension://invalid/:0
[   85309ms] [ERROR] Failed to load resource: net::ERR_FAILED @ chrome-extension://invalid/:0
[   85410ms] [ERROR] Failed to load resource: net::ERR_FAILED @ chrome-extension://invalid/:0
[   85511ms] [ERROR] Failed to load resource: net::ERR_FAILED @ chrome-extension://invalid/:0
[   85614ms] [ERROR] Failed to load resource: net::ERR_FAILED @ chrome-extension://invalid/:0
[   85716ms] [ERROR] Failed to load resource: net::ERR_FAILED @ chrome-extension://invalid/:0
[   85818ms] [ERROR] Failed to load resource: net::ERR_FAILED @ chrome-extension://invalid/:0
[   85920ms] [ERROR] Failed to load resource: net::ERR_FAILED @ chrome-extension://invalid/:0
[   86022ms] [ERROR] Failed to load resource: net::ERR_FAILED @ chrome-extension://invalid/:0
[   86126ms] [ERROR] Failed to load resource: net::ERR_FAILED @ chrome-extension://invalid/:0
[   86231ms] [ERROR] Failed to load resource: net::ERR_FAILED @ chrome-extension://invalid/:0
[   86333ms] [ERROR] Failed to load resource: net::ERR_FAILED @ chrome-extension://invalid/:0
[   86437ms] [ERROR] Failed to load resource: net::ERR_FAILED @ chrome-extension://invalid/:0
[   86540ms] [ERROR] Failed to load resource: net::ERR_FAILED @ chrome-extension://invalid/:0
[   86641ms] [ERROR] Failed to load resource: net::ERR_FAILED @ chrome-extension://invalid/:0
[   86743ms] [ERROR] Failed to load resource: net::ERR_FAILED @ chrome-extension://invalid/:0
[   86845ms] [ERROR] Failed to load resource: net::ERR_FAILED @ chrome-extension://invalid/:0
[   86947ms] [ERROR] Failed to load resource: net::ERR_FAILED @ chrome-extension://invalid/:0
[   87049ms] [ERROR] Failed to load resource: net::ERR_FAILED @ chrome-extension://invalid/:0
[   87152ms] [ERROR] Failed to load resource: net::ERR_FAILED @ chrome-extension://invalid/:0
[   87254ms] [ERROR] Failed to load resource: net::ERR_FAILED @ chrome-extension://invalid/:0
[   87356ms] [ERROR] Failed to load resource: net::ERR_FAILED @ chrome-extension://invalid/:0
[   87459ms] [ERROR] Failed to load resource: net::ERR_FAILED @ chrome-extension://invalid/:0
[   87560ms] [ERROR] Failed to load resource: net::ERR_FAILED @ chrome-extension://invalid/:0
[   87665ms] [ERROR] Failed to load resource: net::ERR_FAILED @ chrome-extension://invalid/:0
[   87770ms] [ERROR] Failed to load resource: net::ERR_FAILED @ chrome-extension://invalid/:0
[   87875ms] [ERROR] Failed to load resource: net::ERR_FAILED @ chrome-extension://invalid/:0
[   87981ms] [ERROR] Failed to load resource: net::ERR_FAILED @ chrome-extension://invalid/:0
[   88085ms] [ERROR] Failed to load resource: net::ERR_FAILED @ chrome-extension://invalid/:0
[   88188ms] [ERROR] Failed to load resource: net::ERR_FAILED @ chrome-extension://invalid/:0
[   88295ms] [ERROR] Failed to load resource: net::ERR_FAILED @ chrome-extension://invalid/:0
[   88399ms] [ERROR] Failed to load resource: net::ERR_FAILED @ chrome-extension://invalid/:0
[   88501ms] [ERROR] Failed to load resource: net::ERR_FAILED @ chrome-extension://invalid/:0
[   88603ms] [ERROR] Failed to load resource: net::ERR_FAILED @ chrome-extension://invalid/:0
[   88705ms] [ERROR] Failed to load resource: net::ERR_FAILED @ chrome-extension://invalid/:0
[   88812ms] [ERROR] Failed to load resource: net::ERR_FAILED @ chrome-extension://invalid/:0
[   88913ms] [ERROR] Failed to load resource: net::ERR_FAILED @ chrome-extension://invalid/:0
[   89016ms] [ERROR] Failed to load resource: net::ERR_FAILED @ chrome-extension://invalid/:0
[   89119ms] [ERROR] Failed to load resource: net::ERR_FAILED @ chrome-extension://invalid/:0
[   89221ms] [ERROR] Failed to load resource: net::ERR_FAILED @ chrome-extension://invalid/:0
[   89325ms] [ERROR] Failed to load resource: net::ERR_FAILED @ chrome-extension://invalid/:0
[   89429ms] [ERROR] Failed to load resource: net::ERR_FAILED @ chrome-extension://invalid/:0
[   89531ms] [ERROR] Failed to load resource: net::ERR_FAILED @ chrome-extension://invalid/:0
[   89634ms] [ERROR] Failed to load resource: net::ERR_FAILED @ chrome-extension://invalid/:0
[   89735ms] [ERROR] Failed to load resource: net::ERR_FAILED @ chrome-extension://invalid/:0
[   89837ms] [ERROR] Failed to load resource: net::ERR_FAILED @ chrome-extension://invalid/:0
[   89938ms] [ERROR] Failed to load resource: net::ERR_FAILED @ chrome-extension://invalid/:0
[   90041ms] [ERROR] Failed to load resource: net::ERR_FAILED @ chrome-extension://invalid/:0
[   90143ms] [ERROR] Failed to load resource: net::ERR_FAILED @ chrome-extension://invalid/:0
[   90244ms] [ERROR] Failed to load resource: net::ERR_FAILED @ chrome-extension://invalid/:0
[   90346ms] [ERROR] Failed to load resource: net::ERR_FAILED @ chrome-extension://invalid/:0
[   90448ms] [ERROR] Failed to load resource: net::ERR_FAILED @ chrome-extension://invalid/:0
[   90550ms] [ERROR] Failed to load resource: net::ERR_FAILED @ chrome-extension://invalid/:0
[   90653ms] [ERROR] Failed to load resource: net::ERR_FAILED @ chrome-extension://invalid/:0
[   90758ms] [ERROR] Failed to load resource: net::ERR_FAILED @ chrome-extension://invalid/:0
[   90860ms] [ERROR] Failed to load resource: net::ERR_FAILED @ chrome-extension://invalid/:0
[   90963ms] [ERROR] Failed to load resource: net::ERR_FAILED @ chrome-extension://invalid/:0
[   91066ms] [ERROR] Failed to load resource: net::ERR_FAILED @ chrome-extension://invalid/:0
[   91168ms] [ERROR] Failed to load resource: net::ERR_FAILED @ chrome-extension://invalid/:0
[   91272ms] [ERROR] Failed to load resource: net::ERR_FAILED @ chrome-extension://invalid/:0
[   91376ms] [ERROR] Failed to load resource: net::ERR_FAILED @ chrome-extension://invalid/:0
[   91479ms] [ERROR] Failed to load resource: net::ERR_FAILED @ chrome-extension://invalid/:0
[   91580ms] [ERROR] Failed to load resource: net::ERR_FAILED @ chrome-extension://invalid/:0
[   91681ms] [ERROR] Failed to load resource: net::ERR_FAILED @ chrome-extension://invalid/:0
[   91785ms] [ERROR] Failed to load resource: net::ERR_FAILED @ chrome-extension://invalid/:0
[   91890ms] [ERROR] Failed to load resource: net::ERR_FAILED @ chrome-extension://invalid/:0
[   91996ms] [ERROR] Failed to load resource: net::ERR_FAILED @ chrome-extension://invalid/:0
[   92097ms] [ERROR] Failed to load resource: net::ERR_FAILED @ chrome-extension://invalid/:0
[   92199ms] [ERROR] Failed to load resource: net::ERR_FAILED @ chrome-extension://invalid/:0
[   92305ms] [ERROR] Failed to load resource: net::ERR_FAILED @ chrome-extension://invalid/:0
[   92408ms] [ERROR] Failed to load resource: net::ERR_FAILED @ chrome-extension://invalid/:0
[   92509ms] [ERROR] Failed to load resource: net::ERR_FAILED @ chrome-extension://invalid/:0
[   92612ms] [ERROR] Failed to load resource: net::ERR_FAILED @ chrome-extension://invalid/:0
[   92714ms] [ERROR] Failed to load resource: net::ERR_FAILED @ chrome-extension://invalid/:0
[   92817ms] [ERROR] Failed to load resource: net::ERR_FAILED @ chrome-extension://invalid/:0
[   92918ms] [ERROR] Failed to load resource: net::ERR_FAILED @ chrome-extension://invalid/:0
[   93021ms] [ERROR] Failed to load resource: net::ERR_FAILED @ chrome-extension://invalid/:0
[   93125ms] [ERROR] Failed to load resource: net::ERR_FAILED @ chrome-extension://invalid/:0
[   93229ms] [ERROR] Failed to load resource: net::ERR_FAILED @ chrome-extension://invalid/:0
[   93333ms] [ERROR] Failed to load resource: net::ERR_FAILED @ chrome-extension://invalid/:0
[   93437ms] [ERROR] Failed to load resource: net::ERR_FAILED @ chrome-extension://invalid/:0
[   93539ms] [ERROR] Failed to load resource: net::ERR_FAILED @ chrome-extension://invalid/:0
[   93641ms] [ERROR] Failed to load resource: net::ERR_FAILED @ chrome-extension://invalid/:0
[   93743ms] [ERROR] Failed to load resource: net::ERR_FAILED @ chrome-extension://invalid/:0
[   93845ms] [ERROR] Failed to load resource: net::ERR_FAILED @ chrome-extension://invalid/:0
[   93946ms] [ERROR] Failed to load resource: net::ERR_FAILED @ chrome-extension://invalid/:0
[   94048ms] [ERROR] Failed to load resource: net::ERR_FAILED @ chrome-extension://invalid/:0
[   94149ms] [ERROR] Failed to load resource: net::ERR_FAILED @ chrome-extension://invalid/:0
[   94251ms] [ERROR] Failed to load resource: net::ERR_FAILED @ chrome-extension://invalid/:0
[   94352ms] [ERROR] Failed to load resource: net::ERR_FAILED @ chrome-extension://invalid/:0
[   94455ms] [ERROR] Failed to load resource: net::ERR_FAILED @ chrome-extension://invalid/:0
[   94557ms] [ERROR] Failed to load resource: net::ERR_FAILED @ chrome-extension://invalid/:0
[   94659ms] [ERROR] Failed to load resource: net::ERR_FAILED @ chrome-extension://invalid/:0
[   94764ms] [ERROR] Failed to load resource: net::ERR_FAILED @ chrome-extension://invalid/:0
[   94866ms] [ERROR] Failed to load resource: net::ERR_FAILED @ chrome-extension://invalid/:0
[   94968ms] [ERROR] Failed to load resource: net::ERR_FAILED @ chrome-extension://invalid/:0
[   95072ms] [ERROR] Failed to load resource: net::ERR_FAILED @ chrome-extension://invalid/:0
[   95177ms] [ERROR] Failed to load resource: net::ERR_FAILED @ chrome-extension://invalid/:0
[   95279ms] [ERROR] Failed to load resource: net::ERR_FAILED @ chrome-extension://invalid/:0
[   95385ms] [ERROR] Failed to load resource: net::ERR_FAILED @ chrome-extension://invalid/:0
[   95487ms] [ERROR] Failed to load resource: net::ERR_FAILED @ chrome-extension://invalid/:0
[   95592ms] [ERROR] Failed to load resource: net::ERR_FAILED @ chrome-extension://invalid/:0
[   95693ms] [ERROR] Failed to load resource: net::ERR_FAILED @ chrome-extension://invalid/:0
[   95799ms] [ERROR] Failed to load resource: net::ERR_FAILED @ chrome-extension://invalid/:0
[   95906ms] [ERROR] Failed to load resource: net::ERR_FAILED @ chrome-extension://invalid/:0
[   96010ms] [ERROR] Failed to load resource: net::ERR_FAILED @ chrome-extension://invalid/:0
[   96111ms] [ERROR] Failed to load resource: net::ERR_FAILED @ chrome-extension://invalid/:0
[   96213ms] [ERROR] Failed to load resource: net::ERR_FAILED @ chrome-extension://invalid/:0
[   96315ms] [ERROR] Failed to load resource: net::ERR_FAILED @ chrome-extension://invalid/:0
[   96417ms] [ERROR] Failed to load resource: net::ERR_FAILED @ chrome-extension://invalid/:0
[   96520ms] [ERROR] Failed to load resource: net::ERR_FAILED @ chrome-extension://invalid/:0
[   96625ms] [ERROR] Failed to load resource: net::ERR_FAILED @ chrome-extension://invalid/:0
[   96727ms] [ERROR] Failed to load resource: net::ERR_FAILED @ chrome-extension://invalid/:0
[   96831ms] [ERROR] Failed to load resource: net::ERR_FAILED @ chrome-extension://invalid/:0
[   96935ms] [ERROR] Failed to load resource: net::ERR_FAILED @ chrome-extension://invalid/:0
[   97036ms] [ERROR] Failed to load resource: net::ERR_FAILED @ chrome-extension://invalid/:0
[   97138ms] [ERROR] Failed to load resource: net::ERR_FAILED @ chrome-extension://invalid/:0
[   97240ms] [ERROR] Failed to load resource: net::ERR_FAILED @ chrome-extension://invalid/:0
[   97341ms] [ERROR] Failed to load resource: net::ERR_FAILED @ chrome-extension://invalid/:0
[   97443ms] [ERROR] Failed to load resource: net::ERR_FAILED @ chrome-extension://invalid/:0
[   97544ms] [ERROR] Failed to load resource: net::ERR_FAILED @ chrome-extension://invalid/:0
[   97645ms] [ERROR] Failed to load resource: net::ERR_FAILED @ chrome-extension://invalid/:0
[   97748ms] [ERROR] Failed to load resource: net::ERR_FAILED @ chrome-extension://invalid/:0
[   97849ms] [ERROR] Failed to load resource: net::ERR_FAILED @ chrome-extension://invalid/:0
[   97952ms] [ERROR] Failed to load resource: net::ERR_FAILED @ chrome-extension://invalid/:0
[   98055ms] [ERROR] Failed to load resource: net::ERR_FAILED @ chrome-extension://invalid/:0
[   98159ms] [ERROR] Failed to load resource: net::ERR_FAILED @ chrome-extension://invalid/:0
[   98264ms] [ERROR] Failed to load resource: net::ERR_FAILED @ chrome-extension://invalid/:0
[   98367ms] [ERROR] Failed to load resource: net::ERR_FAILED @ chrome-extension://invalid/:0
[   98469ms] [ERROR] Failed to load resource: net::ERR_FAILED @ chrome-extension://invalid/:0
[   98573ms] [ERROR] Failed to load resource: net::ERR_FAILED @ chrome-extension://invalid/:0
[   98676ms] [ERROR] Failed to load resource: net::ERR_FAILED @ chrome-extension://invalid/:0
[   98781ms] [ERROR] Failed to load resource: net::ERR_FAILED @ chrome-extension://invalid/:0
[   98887ms] [ERROR] Failed to load resource: net::ERR_FAILED @ chrome-extension://invalid/:0
[   98993ms] [ERROR] Failed to load resource: net::ERR_FAILED @ chrome-extension://invalid/:0
[   99099ms] [ERROR] Failed to load resource: net::ERR_FAILED @ chrome-extension://invalid/:0
[   99202ms] [ERROR] Failed to load resource: net::ERR_FAILED @ chrome-extension://invalid/:0
[   99304ms] [ERROR] Failed to load resource: net::ERR_FAILED @ chrome-extension://invalid/:0
[   99410ms] [ERROR] Failed to load resource: net::ERR_FAILED @ chrome-extension://invalid/:0
[   99511ms] [ERROR] Failed to load resource: net::ERR_FAILED @ chrome-extension://invalid/:0
[   99613ms] [ERROR] Failed to load resource: net::ERR_FAILED @ chrome-extension://invalid/:0
[   99716ms] [ERROR] Failed to load resource: net::ERR_FAILED @ chrome-extension://invalid/:0
[   99819ms] [ERROR] Failed to load resource: net::ERR_FAILED @ chrome-extension://invalid/:0
[   99920ms] [ERROR] Failed to load resource: net::ERR_FAILED @ chrome-extension://invalid/:0
[  100023ms] [ERROR] Failed to load resource: net::ERR_FAILED @ chrome-extension://invalid/:0
[  100126ms] [ERROR] Failed to load resource: net::ERR_FAILED @ chrome-extension://invalid/:0
[  100232ms] [ERROR] Failed to load resource: net::ERR_FAILED @ chrome-extension://invalid/:0
[  100334ms] [ERROR] Failed to load resource: net::ERR_FAILED @ chrome-extension://invalid/:0
[  100437ms] [ERROR] Failed to load resource: net::ERR_FAILED @ chrome-extension://invalid/:0
[  100540ms] [ERROR] Failed to load resource: net::ERR_FAILED @ chrome-extension://invalid/:0
[  100643ms] [ERROR] Failed to load resource: net::ERR_FAILED @ chrome-extension://invalid/:0
[  100744ms] [ERROR] Failed to load resource: net::ERR_FAILED @ chrome-extension://invalid/:0
[  100844ms] [ERROR] Failed to load resource: net::ERR_FAILED @ chrome-extension://invalid/:0
[  100946ms] [ERROR] Failed to load resource: net::ERR_FAILED @ chrome-extension://invalid/:0
[  101047ms] [ERROR] Failed to load resource: net::ERR_FAILED @ chrome-extension://invalid/:0
[  101149ms] [ERROR] Failed to load resource: net::ERR_FAILED @ chrome-extension://invalid/:0
[  101250ms] [ERROR] Failed to load resource: net::ERR_FAILED @ chrome-extension://invalid/:0
[  101353ms] [ERROR] Failed to load resource: net::ERR_FAILED @ chrome-extension://invalid/:0
[  101455ms] [ERROR] Failed to load resource: net::ERR_FAILED @ chrome-extension://invalid/:0
[  101559ms] [ERROR] Failed to load resource: net::ERR_FAILED @ chrome-extension://invalid/:0
[  101664ms] [ERROR] Failed to load resource: net::ERR_FAILED @ chrome-extension://invalid/:0
[  101766ms] [ERROR] Failed to load resource: net::ERR_FAILED @ chrome-extension://invalid/:0
[  101870ms] [ERROR] Failed to load resource: net::ERR_FAILED @ chrome-extension://invalid/:0
[  101971ms] [ERROR] Failed to load resource: net::ERR_FAILED @ chrome-extension://invalid/:0
[  102074ms] [ERROR] Failed to load resource: net::ERR_FAILED @ chrome-extension://invalid/:0
[  102176ms] [ERROR] Failed to load resource: net::ERR_FAILED @ chrome-extension://invalid/:0
[  102281ms] [ERROR] Failed to load resource: net::ERR_FAILED @ chrome-extension://invalid/:0
[  102387ms] [ERROR] Failed to load resource: net::ERR_FAILED @ chrome-extension://invalid/:0
[  102493ms] [ERROR] Failed to load resource: net::ERR_FAILED @ chrome-extension://invalid/:0
[  102600ms] [ERROR] Failed to load resource: net::ERR_FAILED @ chrome-extension://invalid/:0
[  102703ms] [ERROR] Failed to load resource: net::ERR_FAILED @ chrome-extension://invalid/:0
[  102809ms] [ERROR] Failed to load resource: net::ERR_FAILED @ chrome-extension://invalid/:0
[  102910ms] [ERROR] Failed to load resource: net::ERR_FAILED @ chrome-extension://invalid/:0
[  103011ms] [ERROR] Failed to load resource: net::ERR_FAILED @ chrome-extension://invalid/:0
[  103113ms] [ERROR] Failed to load resource: net::ERR_FAILED @ chrome-extension://invalid/:0
[  103215ms] [ERROR] Failed to load resource: net::ERR_FAILED @ chrome-extension://invalid/:0
[  103317ms] [ERROR] Failed to load resource: net::ERR_FAILED @ chrome-extension://invalid/:0
[  103421ms] [ERROR] Failed to load resource: net::ERR_FAILED @ chrome-extension://invalid/:0
[  103524ms] [ERROR] Failed to load resource: net::ERR_FAILED @ chrome-extension://invalid/:0
[  103625ms] [ERROR] Failed to load resource: net::ERR_FAILED @ chrome-extension://invalid/:0
[  103731ms] [ERROR] Failed to load resource: net::ERR_FAILED @ chrome-extension://invalid/:0
[  103832ms] [ERROR] Failed to load resource: net::ERR_FAILED @ chrome-extension://invalid/:0
[  103937ms] [ERROR] Failed to load resource: net::ERR_FAILED @ chrome-extension://invalid/:0
[  104039ms] [ERROR] Failed to load resource: net::ERR_FAILED @ chrome-extension://invalid/:0
[  104140ms] [ERROR] Failed to load resource: net::ERR_FAILED @ chrome-extension://invalid/:0
[  104243ms] [ERROR] Failed to load resource: net::ERR_FAILED @ chrome-extension://invalid/:0
[  104344ms] [ERROR] Failed to load resource: net::ERR_FAILED @ chrome-extension://invalid/:0
[  104447ms] [ERROR] Failed to load resource: net::ERR_FAILED @ chrome-extension://invalid/:0
[  104549ms] [ERROR] Failed to load resource: net::ERR_FAILED @ chrome-extension://invalid/:0
[  104650ms] [ERROR] Failed to load resource: net::ERR_FAILED @ chrome-extension://invalid/:0
[  104752ms] [ERROR] Failed to load resource: net::ERR_FAILED @ chrome-extension://invalid/:0
[  104856ms] [ERROR] Failed to load resource: net::ERR_FAILED @ chrome-extension://invalid/:0
[  104961ms] [ERROR] Failed to load resource: net::ERR_FAILED @ chrome-extension://invalid/:0
[  105063ms] [ERROR] Failed to load resource: net::ERR_FAILED @ chrome-extension://invalid/:0
[  105164ms] [ERROR] Failed to load resource: net::ERR_FAILED @ chrome-extension://invalid/:0
[  105267ms] [ERROR] Failed to load resource: net::ERR_FAILED @ chrome-extension://invalid/:0
[  105370ms] [ERROR] Failed to load resource: net::ERR_FAILED @ chrome-extension://invalid/:0
[  105476ms] [ERROR] Failed to load resource: net::ERR_FAILED @ chrome-extension://invalid/:0
[  105581ms] [ERROR] Failed to load resource: net::ERR_FAILED @ chrome-extension://invalid/:0
[  105684ms] [ERROR] Failed to load resource: net::ERR_FAILED @ chrome-extension://invalid/:0
[  105787ms] [ERROR] Failed to load resource: net::ERR_FAILED @ chrome-extension://invalid/:0
[  105892ms] [ERROR] Failed to load resource: net::ERR_FAILED @ chrome-extension://invalid/:0
[  105998ms] [ERROR] Failed to load resource: net::ERR_FAILED @ chrome-extension://invalid/:0
[  106104ms] [ERROR] Failed to load resource: net::ERR_FAILED @ chrome-extension://invalid/:0
[  106207ms] [ERROR] Failed to load resource: net::ERR_FAILED @ chrome-extension://invalid/:0
[  106309ms] [ERROR] Failed to load resource: net::ERR_FAILED @ chrome-extension://invalid/:0
[  106411ms] [ERROR] Failed to load resource: net::ERR_FAILED @ chrome-extension://invalid/:0
[  106512ms] [ERROR] Failed to load resource: net::ERR_FAILED @ chrome-extension://invalid/:0
[  106614ms] [ERROR] Failed to load resource: net::ERR_FAILED @ chrome-extension://invalid/:0
[  106717ms] [ERROR] Failed to load resource: net::ERR_FAILED @ chrome-extension://invalid/:0
[  106820ms] [ERROR] Failed to load resource: net::ERR_FAILED @ chrome-extension://invalid/:0
[  106924ms] [ERROR] Failed to load resource: net::ERR_FAILED @ chrome-extension://invalid/:0
[  107027ms] [ERROR] Failed to load resource: net::ERR_FAILED @ chrome-extension://invalid/:0
[  107132ms] [ERROR] Failed to load resource: net::ERR_FAILED @ chrome-extension://invalid/:0
[  107237ms] [ERROR] Failed to load resource: net::ERR_FAILED @ chrome-extension://invalid/:0
[  107339ms] [ERROR] Failed to load resource: net::ERR_FAILED @ chrome-extension://invalid/:0
[  107440ms] [ERROR] Failed to load resource: net::ERR_FAILED @ chrome-extension://invalid/:0
[  107542ms] [ERROR] Failed to load resource: net::ERR_FAILED @ chrome-extension://invalid/:0
[  107644ms] [ERROR] Failed to load resource: net::ERR_FAILED @ chrome-extension://invalid/:0
[  107745ms] [ERROR] Failed to load resource: net::ERR_FAILED @ chrome-extension://invalid/:0
[  107847ms] [ERROR] Failed to load resource: net::ERR_FAILED @ chrome-extension://invalid/:0
[  107948ms] [ERROR] Failed to load resource: net::ERR_FAILED @ chrome-extension://invalid/:0
[  108051ms] [ERROR] Failed to load resource: net::ERR_FAILED @ chrome-extension://invalid/:0
[  108153ms] [ERROR] Failed to load resource: net::ERR_FAILED @ chrome-extension://invalid/:0
[  108254ms] [ERROR] Failed to load resource: net::ERR_FAILED @ chrome-extension://invalid/:0
[  108357ms] [ERROR] Failed to load resource: net::ERR_FAILED @ chrome-extension://invalid/:0
[  108459ms] [ERROR] Failed to load resource: net::ERR_FAILED @ chrome-extension://invalid/:0
[  108561ms] [ERROR] Failed to load resource: net::ERR_FAILED @ chrome-extension://invalid/:0
[  108663ms] [ERROR] Failed to load resource: net::ERR_FAILED @ chrome-extension://invalid/:0
[  108770ms] [ERROR] Failed to load resource: net::ERR_FAILED @ chrome-extension://invalid/:0
[  108870ms] [ERROR] Failed to load resource: net::ERR_FAILED @ chrome-extension://invalid/:0
[  108975ms] [ERROR] Failed to load resource: net::ERR_FAILED @ chrome-extension://invalid/:0
[  109079ms] [ERROR] Failed to load resource: net::ERR_FAILED @ chrome-extension://invalid/:0
[  109180ms] [ERROR] Failed to load resource: net::ERR_FAILED @ chrome-extension://invalid/:0
[  109285ms] [ERROR] Failed to load resource: net::ERR_FAILED @ chrome-extension://invalid/:0
[  109387ms] [ERROR] Failed to load resource: net::ERR_FAILED @ chrome-extension://invalid/:0
[  109493ms] [ERROR] Failed to load resource: net::ERR_FAILED @ chrome-extension://invalid/:0
[  109597ms] [ERROR] Failed to load resource: net::ERR_FAILED @ chrome-extension://invalid/:0
[  109699ms] [ERROR] Failed to load resource: net::ERR_FAILED @ chrome-extension://invalid/:0
[  109803ms] [ERROR] Failed to load resource: net::ERR_FAILED @ chrome-extension://invalid/:0
[  109909ms] [ERROR] Failed to load resource: net::ERR_FAILED @ chrome-extension://invalid/:0
[  110010ms] [ERROR] Failed to load resource: net::ERR_FAILED @ chrome-extension://invalid/:0
[  110111ms] [ERROR] Failed to load resource: net::ERR_FAILED @ chrome-extension://invalid/:0
[  110214ms] [ERROR] Failed to load resource: net::ERR_FAILED @ chrome-extension://invalid/:0
[  110317ms] [ERROR] Failed to load resource: net::ERR_FAILED @ chrome-extension://invalid/:0
[  110419ms] [ERROR] Failed to load resource: net::ERR_FAILED @ chrome-extension://invalid/:0
[  110522ms] [ERROR] Failed to load resource: net::ERR_FAILED @ chrome-extension://invalid/:0
[  110626ms] [ERROR] Failed to load resource: net::ERR_FAILED @ chrome-extension://invalid/:0
[  110729ms] [ERROR] Failed to load resource: net::ERR_FAILED @ chrome-extension://invalid/:0
[  110832ms] [ERROR] Failed to load resource: net::ERR_FAILED @ chrome-extension://invalid/:0
[  110937ms] [ERROR] Failed to load resource: net::ERR_FAILED @ chrome-extension://invalid/:0
[  111039ms] [ERROR] Failed to load resource: net::ERR_FAILED @ chrome-extension://invalid/:0
[  111142ms] [ERROR] Failed to load resource: net::ERR_FAILED @ chrome-extension://invalid/:0
[  111243ms] [ERROR] Failed to load resource: net::ERR_FAILED @ chrome-extension://invalid/:0
[  111344ms] [ERROR] Failed to load resource: net::ERR_FAILED @ chrome-extension://invalid/:0
[  111445ms] [ERROR] Failed to load resource: net::ERR_FAILED @ chrome-extension://invalid/:0
[  111548ms] [ERROR] Failed to load resource: net::ERR_FAILED @ chrome-extension://invalid/:0
[  111649ms] [ERROR] Failed to load resource: net::ERR_FAILED @ chrome-extension://invalid/:0
[  111753ms] [ERROR] Failed to load resource: net::ERR_FAILED @ chrome-extension://invalid/:0
[  111856ms] [ERROR] Failed to load resource: net::ERR_FAILED @ chrome-extension://invalid/:0
[  111959ms] [ERROR] Failed to load resource: net::ERR_FAILED @ chrome-extension://invalid/:0
[  112063ms] [ERROR] Failed to load resource: net::ERR_FAILED @ chrome-extension://invalid/:0
[  112166ms] [ERROR] Failed to load resource: net::ERR_FAILED @ chrome-extension://invalid/:0
[  112271ms] [ERROR] Failed to load resource: net::ERR_FAILED @ chrome-extension://invalid/:0
[  112377ms] [ERROR] Failed to load resource: net::ERR_FAILED @ chrome-extension://invalid/:0
[  112482ms] [ERROR] Failed to load resource: net::ERR_FAILED @ chrome-extension://invalid/:0
[  112586ms] [ERROR] Failed to load resource: net::ERR_FAILED @ chrome-extension://invalid/:0
[  112688ms] [ERROR] Failed to load resource: net::ERR_FAILED @ chrome-extension://invalid/:0
[  112792ms] [ERROR] Failed to load resource: net::ERR_FAILED @ chrome-extension://invalid/:0
[  112897ms] [ERROR] Failed to load resource: net::ERR_FAILED @ chrome-extension://invalid/:0
[  112999ms] [ERROR] Failed to load resource: net::ERR_FAILED @ chrome-extension://invalid/:0
[  113104ms] [ERROR] Failed to load resource: net::ERR_FAILED @ chrome-extension://invalid/:0
[  113209ms] [ERROR] Failed to load resource: net::ERR_FAILED @ chrome-extension://invalid/:0
[  113310ms] [ERROR] Failed to load resource: net::ERR_FAILED @ chrome-extension://invalid/:0
[  113412ms] [ERROR] Failed to load resource: net::ERR_FAILED @ chrome-extension://invalid/:0
[  113514ms] [ERROR] Failed to load resource: net::ERR_FAILED @ chrome-extension://invalid/:0
[  113616ms] [ERROR] Failed to load resource: net::ERR_FAILED @ chrome-extension://invalid/:0
[  113718ms] [ERROR] Failed to load resource: net::ERR_FAILED @ chrome-extension://invalid/:0
[  113821ms] [ERROR] Failed to load resource: net::ERR_FAILED @ chrome-extension://invalid/:0
[  113926ms] [ERROR] Failed to load resource: net::ERR_FAILED @ chrome-extension://invalid/:0
[  114031ms] [ERROR] Failed to load resource: net::ERR_FAILED @ chrome-extension://invalid/:0
[  114135ms] [ERROR] Failed to load resource: net::ERR_FAILED @ chrome-extension://invalid/:0
[  114237ms] [ERROR] Failed to load resource: net::ERR_FAILED @ chrome-extension://invalid/:0
[  114337ms] [ERROR] Failed to load resource: net::ERR_FAILED @ chrome-extension://invalid/:0
[  114438ms] [ERROR] Failed to load resource: net::ERR_FAILED @ chrome-extension://invalid/:0
[  114540ms] [ERROR] Failed to load resource: net::ERR_FAILED @ chrome-extension://invalid/:0
[  114642ms] [ERROR] Failed to load resource: net::ERR_FAILED @ chrome-extension://invalid/:0
[  114744ms] [ERROR] Failed to load resource: net::ERR_FAILED @ chrome-extension://invalid/:0
[  114846ms] [ERROR] Failed to load resource: net::ERR_FAILED @ chrome-extension://invalid/:0
[  114948ms] [ERROR] Failed to load resource: net::ERR_FAILED @ chrome-extension://invalid/:0
[  115050ms] [ERROR] Failed to load resource: net::ERR_FAILED @ chrome-extension://invalid/:0
[  115153ms] [ERROR] Failed to load resource: net::ERR_FAILED @ chrome-extension://invalid/:0
[  115256ms] [ERROR] Failed to load resource: net::ERR_FAILED @ chrome-extension://invalid/:0
[  115359ms] [ERROR] Failed to load resource: net::ERR_FAILED @ chrome-extension://invalid/:0
[  115462ms] [ERROR] Failed to load resource: net::ERR_FAILED @ chrome-extension://invalid/:0
[  115563ms] [ERROR] Failed to load resource: net::ERR_FAILED @ chrome-extension://invalid/:0
[  115666ms] [ERROR] Failed to load resource: net::ERR_FAILED @ chrome-extension://invalid/:0
[  115771ms] [ERROR] Failed to load resource: net::ERR_FAILED @ chrome-extension://invalid/:0
[  115876ms] [ERROR] Failed to load resource: net::ERR_FAILED @ chrome-extension://invalid/:0
[  115983ms] [ERROR] Failed to load resource: net::ERR_FAILED @ chrome-extension://invalid/:0
[  116085ms] [ERROR] Failed to load resource: net::ERR_FAILED @ chrome-extension://invalid/:0
[  116187ms] [ERROR] Failed to load resource: net::ERR_FAILED @ chrome-extension://invalid/:0
[  116292ms] [ERROR] Failed to load resource: net::ERR_FAILED @ chrome-extension://invalid/:0
[  116399ms] [ERROR] Failed to load resource: net::ERR_FAILED @ chrome-extension://invalid/:0
[  116501ms] [ERROR] Failed to load resource: net::ERR_FAILED @ chrome-extension://invalid/:0
[  116607ms] [ERROR] Failed to load resource: net::ERR_FAILED @ chrome-extension://invalid/:0
[  116709ms] [ERROR] Failed to load resource: net::ERR_FAILED @ chrome-extension://invalid/:0
[  116816ms] [ERROR] Failed to load resource: net::ERR_FAILED @ chrome-extension://invalid/:0
[  116920ms] [ERROR] Failed to load resource: net::ERR_FAILED @ chrome-extension://invalid/:0
[  117021ms] [ERROR] Failed to load resource: net::ERR_FAILED @ chrome-extension://invalid/:0
[  117125ms] [ERROR] Failed to load resource: net::ERR_FAILED @ chrome-extension://invalid/:0
[  117230ms] [ERROR] Failed to load resource: net::ERR_FAILED @ chrome-extension://invalid/:0
[  117332ms] [ERROR] Failed to load resource: net::ERR_FAILED @ chrome-extension://invalid/:0
[  117435ms] [ERROR] Failed to load resource: net::ERR_FAILED @ chrome-extension://invalid/:0
[  117536ms] [ERROR] Failed to load resource: net::ERR_FAILED @ chrome-extension://invalid/:0
[  117638ms] [ERROR] Failed to load resource: net::ERR_FAILED @ chrome-extension://invalid/:0
[  117740ms] [ERROR] Failed to load resource: net::ERR_FAILED @ chrome-extension://invalid/:0
[  117841ms] [ERROR] Failed to load resource: net::ERR_FAILED @ chrome-extension://invalid/:0
[  117943ms] [ERROR] Failed to load resource: net::ERR_FAILED @ chrome-extension://invalid/:0
[  118044ms] [ERROR] Failed to load resource: net::ERR_FAILED @ chrome-extension://invalid/:0
[  118146ms] [ERROR] Failed to load resource: net::ERR_FAILED @ chrome-extension://invalid/:0
[  118248ms] [ERROR] Failed to load resource: net::ERR_FAILED @ chrome-extension://invalid/:0
[  118350ms] [ERROR] Failed to load resource: net::ERR_FAILED @ chrome-extension://invalid/:0
[  118454ms] [ERROR] Failed to load resource: net::ERR_FAILED @ chrome-extension://invalid/:0
[  118559ms] [ERROR] Failed to load resource: net::ERR_FAILED @ chrome-extension://invalid/:0
[  118661ms] [ERROR] Failed to load resource: net::ERR_FAILED @ chrome-extension://invalid/:0
[  118766ms] [ERROR] Failed to load resource: net::ERR_FAILED @ chrome-extension://invalid/:0
[  118868ms] [ERROR] Failed to load resource: net::ERR_FAILED @ chrome-extension://invalid/:0
[  118971ms] [ERROR] Failed to load resource: net::ERR_FAILED @ chrome-extension://invalid/:0
[  119080ms] [ERROR] Failed to load resource: net::ERR_FAILED @ chrome-extension://invalid/:0
[  119185ms] [ERROR] Failed to load resource: net::ERR_FAILED @ chrome-extension://invalid/:0
[  119288ms] [ERROR] Failed to load resource: net::ERR_FAILED @ chrome-extension://invalid/:0
[  119393ms] [ERROR] Failed to load resource: net::ERR_FAILED @ chrome-extension://invalid/:0
[  119494ms] [ERROR] Failed to load resource: net::ERR_FAILED @ chrome-extension://invalid/:0
[  119598ms] [ERROR] Failed to load resource: net::ERR_FAILED @ chrome-extension://invalid/:0
[  119701ms] [ERROR] Failed to load resource: net::ERR_FAILED @ chrome-extension://invalid/:0
[  119803ms] [ERROR] Failed to load resource: net::ERR_FAILED @ chrome-extension://invalid/:0
[  119909ms] [ERROR] Failed to load resource: net::ERR_FAILED @ chrome-extension://invalid/:0
[  120012ms] [ERROR] Failed to load resource: net::ERR_FAILED @ chrome-extension://invalid/:0
[  120115ms] [ERROR] Failed to load resource: net::ERR_FAILED @ chrome-extension://invalid/:0
[  120218ms] [ERROR] Failed to load resource: net::ERR_FAILED @ chrome-extension://invalid/:0
[  120320ms] [ERROR] Failed to load resource: net::ERR_FAILED @ chrome-extension://invalid/:0
[  120421ms] [ERROR] Failed to load resource: net::ERR_FAILED @ chrome-extension://invalid/:0
[  120526ms] [ERROR] Failed to load resource: net::ERR_FAILED @ chrome-extension://invalid/:0
[  120631ms] [ERROR] Failed to load resource: net::ERR_FAILED @ chrome-extension://invalid/:0
[  120737ms] [ERROR] Failed to load resource: net::ERR_FAILED @ chrome-extension://invalid/:0
[  120839ms] [ERROR] Failed to load resource: net::ERR_FAILED @ chrome-extension://invalid/:0
[  120941ms] [ERROR] Failed to load resource: net::ERR_FAILED @ chrome-extension://invalid/:0
[  121042ms] [ERROR] Failed to load resource: net::ERR_FAILED @ chrome-extension://invalid/:0
[  121144ms] [ERROR] Failed to load resource: net::ERR_FAILED @ chrome-extension://invalid/:0
[  121246ms] [ERROR] Failed to load resource: net::ERR_FAILED @ chrome-extension://invalid/:0
[  121349ms] [ERROR] Failed to load resource: net::ERR_FAILED @ chrome-extension://invalid/:0
[  121451ms] [ERROR] Failed to load resource: net::ERR_FAILED @ chrome-extension://invalid/:0
[  121555ms] [ERROR] Failed to load resource: net::ERR_FAILED @ chrome-extension://invalid/:0
[  121659ms] [ERROR] Failed to load resource: net::ERR_FAILED @ chrome-extension://invalid/:0
[  121764ms] [ERROR] Failed to load resource: net::ERR_FAILED @ chrome-extension://invalid/:0
[  121866ms] [ERROR] Failed to load resource: net::ERR_FAILED @ chrome-extension://invalid/:0
[  121968ms] [ERROR] Failed to load resource: net::ERR_FAILED @ chrome-extension://invalid/:0
[  122070ms] [ERROR] Failed to load resource: net::ERR_FAILED @ chrome-extension://invalid/:0
[  122175ms] [ERROR] Failed to load resource: net::ERR_FAILED @ chrome-extension://invalid/:0
[  122281ms] [ERROR] Failed to load resource: net::ERR_FAILED @ chrome-extension://invalid/:0
[  122383ms] [ERROR] Failed to load resource: net::ERR_FAILED @ chrome-extension://invalid/:0
[  122487ms] [ERROR] Failed to load resource: net::ERR_FAILED @ chrome-extension://invalid/:0
[  122592ms] [ERROR] Failed to load resource: net::ERR_FAILED @ chrome-extension://invalid/:0
[  122694ms] [ERROR] Failed to load resource: net::ERR_FAILED @ chrome-extension://invalid/:0
[  122798ms] [ERROR] Failed to load resource: net::ERR_FAILED @ chrome-extension://invalid/:0
[  122904ms] [ERROR] Failed to load resource: net::ERR_FAILED @ chrome-extension://invalid/:0
[  123006ms] [ERROR] Failed to load resource: net::ERR_FAILED @ chrome-extension://invalid/:0
[  123109ms] [ERROR] Failed to load resource: net::ERR_FAILED @ chrome-extension://invalid/:0
[  123210ms] [ERROR] Failed to load resource: net::ERR_FAILED @ chrome-extension://invalid/:0
[  123312ms] [ERROR] Failed to load resource: net::ERR_FAILED @ chrome-extension://invalid/:0
[  123413ms] [ERROR] Failed to load resource: net::ERR_FAILED @ chrome-extension://invalid/:0
[  123514ms] [ERROR] Failed to load resource: net::ERR_FAILED @ chrome-extension://invalid/:0
[  123617ms] [ERROR] Failed to load resource: net::ERR_FAILED @ chrome-extension://invalid/:0
[  123720ms] [ERROR] Failed to load resource: net::ERR_FAILED @ chrome-extension://invalid/:0
[  123824ms] [ERROR] Failed to load resource: net::ERR_FAILED @ chrome-extension://invalid/:0
[  123926ms] [ERROR] Failed to load resource: net::ERR_FAILED @ chrome-extension://invalid/:0
[  124032ms] [ERROR] Failed to load resource: net::ERR_FAILED @ chrome-extension://invalid/:0
[  124134ms] [ERROR] Failed to load resource: net::ERR_FAILED @ chrome-extension://invalid/:0
[  124235ms] [ERROR] Failed to load resource: net::ERR_FAILED @ chrome-extension://invalid/:0
[  124338ms] [ERROR] Failed to load resource: net::ERR_FAILED @ chrome-extension://invalid/:0
[  124438ms] [ERROR] Failed to load resource: net::ERR_FAILED @ chrome-extension://invalid/:0
[  124540ms] [ERROR] Failed to load resource: net::ERR_FAILED @ chrome-extension://invalid/:0
[  124643ms] [ERROR] Failed to load resource: net::ERR_FAILED @ chrome-extension://invalid/:0
[  124746ms] [ERROR] Failed to load resource: net::ERR_FAILED @ chrome-extension://invalid/:0
[  124848ms] [ERROR] Failed to load resource: net::ERR_FAILED @ chrome-extension://invalid/:0
[  124950ms] [ERROR] Failed to load resource: net::ERR_FAILED @ chrome-extension://invalid/:0
[  125051ms] [ERROR] Failed to load resource: net::ERR_FAILED @ chrome-extension://invalid/:0
[  125154ms] [ERROR] Failed to load resource: net::ERR_FAILED @ chrome-extension://invalid/:0
[  125258ms] [ERROR] Failed to load resource: net::ERR_FAILED @ chrome-extension://invalid/:0
[  125360ms] [ERROR] Failed to load resource: net::ERR_FAILED @ chrome-extension://invalid/:0
[  125462ms] [ERROR] Failed to load resource: net::ERR_FAILED @ chrome-extension://invalid/:0
[  125564ms] [ERROR] Failed to load resource: net::ERR_FAILED @ chrome-extension://invalid/:0
[  125667ms] [ERROR] Failed to load resource: net::ERR_FAILED @ chrome-extension://invalid/:0
[  125768ms] [ERROR] Failed to load resource: net::ERR_FAILED @ chrome-extension://invalid/:0
[  125870ms] [ERROR] Failed to load resource: net::ERR_FAILED @ chrome-extension://invalid/:0
[  125972ms] [ERROR] Failed to load resource: net::ERR_FAILED @ chrome-extension://invalid/:0
[  126075ms] [ERROR] Failed to load resource: net::ERR_FAILED @ chrome-extension://invalid/:0
[  126181ms] [ERROR] Failed to load resource: net::ERR_FAILED @ chrome-extension://invalid/:0
[  126286ms] [ERROR] Failed to load resource: net::ERR_FAILED @ chrome-extension://invalid/:0
[  126392ms] [ERROR] Failed to load resource: net::ERR_FAILED @ chrome-extension://invalid/:0
[  126493ms] [ERROR] Failed to load resource: net::ERR_FAILED @ chrome-extension://invalid/:0
[  126597ms] [ERROR] Failed to load resource: net::ERR_FAILED @ chrome-extension://invalid/:0
[  126699ms] [ERROR] Failed to load resource: net::ERR_FAILED @ chrome-extension://invalid/:0
[  126802ms] [ERROR] Failed to load resource: net::ERR_FAILED @ chrome-extension://invalid/:0
[  126909ms] [ERROR] Failed to load resource: net::ERR_FAILED @ chrome-extension://invalid/:0
[  127011ms] [ERROR] Failed to load resource: net::ERR_FAILED @ chrome-extension://invalid/:0
[  127113ms] [ERROR] Failed to load resource: net::ERR_FAILED @ chrome-extension://invalid/:0
[  127215ms] [ERROR] Failed to load resource: net::ERR_FAILED @ chrome-extension://invalid/:0
[  127316ms] [ERROR] Failed to load resource: net::ERR_FAILED @ chrome-extension://invalid/:0
[  127419ms] [ERROR] Failed to load resource: net::ERR_FAILED @ chrome-extension://invalid/:0
[  127521ms] [ERROR] Failed to load resource: net::ERR_FAILED @ chrome-extension://invalid/:0
[  127623ms] [ERROR] Failed to load resource: net::ERR_FAILED @ chrome-extension://invalid/:0
[  127728ms] [ERROR] Failed to load resource: net::ERR_FAILED @ chrome-extension://invalid/:0
[  127830ms] [ERROR] Failed to load resource: net::ERR_FAILED @ chrome-extension://invalid/:0
[  127935ms] [ERROR] Failed to load resource: net::ERR_FAILED @ chrome-extension://invalid/:0
[  128037ms] [ERROR] Failed to load resource: net::ERR_FAILED @ chrome-extension://invalid/:0
[  128139ms] [ERROR] Failed to load resource: net::ERR_FAILED @ chrome-extension://invalid/:0
[  128240ms] [ERROR] Failed to load resource: net::ERR_FAILED @ chrome-extension://invalid/:0
[  128342ms] [ERROR] Failed to load resource: net::ERR_FAILED @ chrome-extension://invalid/:0
[  128444ms] [ERROR] Failed to load resource: net::ERR_FAILED @ chrome-extension://invalid/:0
[  128546ms] [ERROR] Failed to load resource: net::ERR_FAILED @ chrome-extension://invalid/:0
[  128647ms] [ERROR] Failed to load resource: net::ERR_FAILED @ chrome-extension://invalid/:0
[  128751ms] [ERROR] Failed to load resource: net::ERR_FAILED @ chrome-extension://invalid/:0
[  128853ms] [ERROR] Failed to load resource: net::ERR_FAILED @ chrome-extension://invalid/:0
[  128957ms] [ERROR] Failed to load resource: net::ERR_FAILED @ chrome-extension://invalid/:0
[  129059ms] [ERROR] Failed to load resource: net::ERR_FAILED @ chrome-extension://invalid/:0
[  129160ms] [ERROR] Failed to load resource: net::ERR_FAILED @ chrome-extension://invalid/:0
[  129262ms] [ERROR] Failed to load resource: net::ERR_FAILED @ chrome-extension://invalid/:0
[  129365ms] [ERROR] Failed to load resource: net::ERR_FAILED @ chrome-extension://invalid/:0
[  129467ms] [ERROR] Failed to load resource: net::ERR_FAILED @ chrome-extension://invalid/:0
[  129569ms] [ERROR] Failed to load resource: net::ERR_FAILED @ chrome-extension://invalid/:0
[  129671ms] [ERROR] Failed to load resource: net::ERR_FAILED @ chrome-extension://invalid/:0
[  129776ms] [ERROR] Failed to load resource: net::ERR_FAILED @ chrome-extension://invalid/:0
[  129879ms] [ERROR] Failed to load resource: net::ERR_FAILED @ chrome-extension://invalid/:0
[  129981ms] [ERROR] Failed to load resource: net::ERR_FAILED @ chrome-extension://invalid/:0
[  130087ms] [ERROR] Failed to load resource: net::ERR_FAILED @ chrome-extension://invalid/:0
[  130193ms] [ERROR] Failed to load resource: net::ERR_FAILED @ chrome-extension://invalid/:0
[  130296ms] [ERROR] Failed to load resource: net::ERR_FAILED @ chrome-extension://invalid/:0
[  130400ms] [ERROR] Failed to load resource: net::ERR_FAILED @ chrome-extension://invalid/:0
[  130503ms] [ERROR] Failed to load resource: net::ERR_FAILED @ chrome-extension://invalid/:0
[  130606ms] [ERROR] Failed to load resource: net::ERR_FAILED @ chrome-extension://invalid/:0
[  130711ms] [ERROR] Failed to load resource: net::ERR_FAILED @ chrome-extension://invalid/:0
[  130812ms] [ERROR] Failed to load resource: net::ERR_FAILED @ chrome-extension://invalid/:0
[  130914ms] [ERROR] Failed to load resource: net::ERR_FAILED @ chrome-extension://invalid/:0
[  131016ms] [ERROR] Failed to load resource: net::ERR_FAILED @ chrome-extension://invalid/:0
[  131117ms] [ERROR] Failed to load resource: net::ERR_FAILED @ chrome-extension://invalid/:0
[  131220ms] [ERROR] Failed to load resource: net::ERR_FAILED @ chrome-extension://invalid/:0
[  131323ms] [ERROR] Failed to load resource: net::ERR_FAILED @ chrome-extension://invalid/:0
[  131426ms] [ERROR] Failed to load resource: net::ERR_FAILED @ chrome-extension://invalid/:0
[  131532ms] [ERROR] Failed to load resource: net::ERR_FAILED @ chrome-extension://invalid/:0
[  131634ms] [ERROR] Failed to load resource: net::ERR_FAILED @ chrome-extension://invalid/:0
[  131735ms] [ERROR] Failed to load resource: net::ERR_FAILED @ chrome-extension://invalid/:0
[  131836ms] [ERROR] Failed to load resource: net::ERR_FAILED @ chrome-extension://invalid/:0
[  131939ms] [ERROR] Failed to load resource: net::ERR_FAILED @ chrome-extension://invalid/:0
[  132040ms] [ERROR] Failed to load resource: net::ERR_FAILED @ chrome-extension://invalid/:0
[  132141ms] [ERROR] Failed to load resource: net::ERR_FAILED @ chrome-extension://invalid/:0
[  132243ms] [ERROR] Failed to load resource: net::ERR_FAILED @ chrome-extension://invalid/:0
[  132344ms] [ERROR] Failed to load resource: net::ERR_FAILED @ chrome-extension://invalid/:0
[  132446ms] [ERROR] Failed to load resource: net::ERR_FAILED @ chrome-extension://invalid/:0
[  132548ms] [ERROR] Failed to load resource: net::ERR_FAILED @ chrome-extension://invalid/:0
[  132650ms] [ERROR] Failed to load resource: net::ERR_FAILED @ chrome-extension://invalid/:0
[  132752ms] [ERROR] Failed to load resource: net::ERR_FAILED @ chrome-extension://invalid/:0
[  132855ms] [ERROR] Failed to load resource: net::ERR_FAILED @ chrome-extension://invalid/:0
[  132959ms] [ERROR] Failed to load resource: net::ERR_FAILED @ chrome-extension://invalid/:0
[  133063ms] [ERROR] Failed to load resource: net::ERR_FAILED @ chrome-extension://invalid/:0
[  133165ms] [ERROR] Failed to load resource: net::ERR_FAILED @ chrome-extension://invalid/:0
[  133270ms] [ERROR] Failed to load resource: net::ERR_FAILED @ chrome-extension://invalid/:0
[  133373ms] [ERROR] Failed to load resource: net::ERR_FAILED @ chrome-extension://invalid/:0
[  133476ms] [ERROR] Failed to load resource: net::ERR_FAILED @ chrome-extension://invalid/:0
[  133582ms] [ERROR] Failed to load resource: net::ERR_FAILED @ chrome-extension://invalid/:0
[  133687ms] [ERROR] Failed to load resource: net::ERR_FAILED @ chrome-extension://invalid/:0
[  133789ms] [ERROR] Failed to load resource: net::ERR_FAILED @ chrome-extension://invalid/:0
[  133893ms] [ERROR] Failed to load resource: net::ERR_FAILED @ chrome-extension://invalid/:0
[  133995ms] [ERROR] Failed to load resource: net::ERR_FAILED @ chrome-extension://invalid/:0
[  134100ms] [ERROR] Failed to load resource: net::ERR_FAILED @ chrome-extension://invalid/:0
[  134204ms] [ERROR] Failed to load resource: net::ERR_FAILED @ chrome-extension://invalid/:0
[  134306ms] [ERROR] Failed to load resource: net::ERR_FAILED @ chrome-extension://invalid/:0
[  134411ms] [ERROR] Failed to load resource: net::ERR_FAILED @ chrome-extension://invalid/:0
[  134512ms] [ERROR] Failed to load resource: net::ERR_FAILED @ chrome-extension://invalid/:0
[  134613ms] [ERROR] Failed to load resource: net::ERR_FAILED @ chrome-extension://invalid/:0
[  134716ms] [ERROR] Failed to load resource: net::ERR_FAILED @ chrome-extension://invalid/:0
[  134817ms] [ERROR] Failed to load resource: net::ERR_FAILED @ chrome-extension://invalid/:0
[  134920ms] [ERROR] Failed to load resource: net::ERR_FAILED @ chrome-extension://invalid/:0
[  135022ms] [ERROR] Failed to load resource: net::ERR_FAILED @ chrome-extension://invalid/:0
[  135126ms] [ERROR] Failed to load resource: net::ERR_FAILED @ chrome-extension://invalid/:0
[  135228ms] [ERROR] Failed to load resource: net::ERR_FAILED @ chrome-extension://invalid/:0
[  135330ms] [ERROR] Failed to load resource: net::ERR_FAILED @ chrome-extension://invalid/:0
[  135437ms] [ERROR] Failed to load resource: net::ERR_FAILED @ chrome-extension://invalid/:0
[  135538ms] [ERROR] Failed to load resource: net::ERR_FAILED @ chrome-extension://invalid/:0
[  135641ms] [ERROR] Failed to load resource: net::ERR_FAILED @ chrome-extension://invalid/:0
[  135742ms] [ERROR] Failed to load resource: net::ERR_FAILED @ chrome-extension://invalid/:0
[  135844ms] [ERROR] Failed to load resource: net::ERR_FAILED @ chrome-extension://invalid/:0
[  135945ms] [ERROR] Failed to load resource: net::ERR_FAILED @ chrome-extension://invalid/:0
[  136047ms] [ERROR] Failed to load resource: net::ERR_FAILED @ chrome-extension://invalid/:0
[  136148ms] [ERROR] Failed to load resource: net::ERR_FAILED @ chrome-extension://invalid/:0
[  136249ms] [ERROR] Failed to load resource: net::ERR_FAILED @ chrome-extension://invalid/:0
[  136351ms] [ERROR] Failed to load resource: net::ERR_FAILED @ chrome-extension://invalid/:0
[  136456ms] [ERROR] Failed to load resource: net::ERR_FAILED @ chrome-extension://invalid/:0
[  136559ms] [ERROR] Failed to load resource: net::ERR_FAILED @ chrome-extension://invalid/:0
[  136661ms] [ERROR] Failed to load resource: net::ERR_FAILED @ chrome-extension://invalid/:0
[  136763ms] [ERROR] Failed to load resource: net::ERR_FAILED @ chrome-extension://invalid/:0
[  136864ms] [ERROR] Failed to load resource: net::ERR_FAILED @ chrome-extension://invalid/:0
[  136967ms] [ERROR] Failed to load resource: net::ERR_FAILED @ chrome-extension://invalid/:0
[  137070ms] [ERROR] Failed to load resource: net::ERR_FAILED @ chrome-extension://invalid/:0
[  137171ms] [ERROR] Failed to load resource: net::ERR_FAILED @ chrome-extension://invalid/:0
[  137276ms] [ERROR] Failed to load resource: net::ERR_FAILED @ chrome-extension://invalid/:0
[  137381ms] [ERROR] Failed to load resource: net::ERR_FAILED @ chrome-extension://invalid/:0
[  137484ms] [ERROR] Failed to load resource: net::ERR_FAILED @ chrome-extension://invalid/:0
[  137586ms] [ERROR] Failed to load resource: net::ERR_FAILED @ chrome-extension://invalid/:0
[  137691ms] [ERROR] Failed to load resource: net::ERR_FAILED @ chrome-extension://invalid/:0
[  137792ms] [ERROR] Failed to load resource: net::ERR_FAILED @ chrome-extension://invalid/:0
[  137898ms] [ERROR] Failed to load resource: net::ERR_FAILED @ chrome-extension://invalid/:0
[  138000ms] [ERROR] Failed to load resource: net::ERR_FAILED @ chrome-extension://invalid/:0
[  138107ms] [ERROR] Failed to load resource: net::ERR_FAILED @ chrome-extension://invalid/:0
[  138212ms] [ERROR] Failed to load resource: net::ERR_FAILED @ chrome-extension://invalid/:0
[  138313ms] [ERROR] Failed to load resource: net::ERR_FAILED @ chrome-extension://invalid/:0
[  138417ms] [ERROR] Failed to load resource: net::ERR_FAILED @ chrome-extension://invalid/:0
[  138519ms] [ERROR] Failed to load resource: net::ERR_FAILED @ chrome-extension://invalid/:0
[  138623ms] [ERROR] Failed to load resource: net::ERR_FAILED @ chrome-extension://invalid/:0
[  138725ms] [ERROR] Failed to load resource: net::ERR_FAILED @ chrome-extension://invalid/:0
[  138826ms] [ERROR] Failed to load resource: net::ERR_FAILED @ chrome-extension://invalid/:0
[  138931ms] [ERROR] Failed to load resource: net::ERR_FAILED @ chrome-extension://invalid/:0
[  139038ms] [ERROR] Failed to load resource: net::ERR_FAILED @ chrome-extension://invalid/:0
[  139141ms] [ERROR] Failed to load resource: net::ERR_FAILED @ chrome-extension://invalid/:0
[  139242ms] [ERROR] Failed to load resource: net::ERR_FAILED @ chrome-extension://invalid/:0
[  139344ms] [ERROR] Failed to load resource: net::ERR_FAILED @ chrome-extension://invalid/:0
[  139446ms] [ERROR] Failed to load resource: net::ERR_FAILED @ chrome-extension://invalid/:0
[  139547ms] [ERROR] Failed to load resource: net::ERR_FAILED @ chrome-extension://invalid/:0
[  139649ms] [ERROR] Failed to load resource: net::ERR_FAILED @ chrome-extension://invalid/:0
[  139751ms] [ERROR] Failed to load resource: net::ERR_FAILED @ chrome-extension://invalid/:0
[  139852ms] [ERROR] Failed to load resource: net::ERR_FAILED @ chrome-extension://invalid/:0
[  139954ms] [ERROR] Failed to load resource: net::ERR_FAILED @ chrome-extension://invalid/:0
[  140057ms] [ERROR] Failed to load resource: net::ERR_FAILED @ chrome-extension://invalid/:0
[  140160ms] [ERROR] Failed to load resource: net::ERR_FAILED @ chrome-extension://invalid/:0
[  140265ms] [ERROR] Failed to load resource: net::ERR_FAILED @ chrome-extension://invalid/:0
[  140368ms] [ERROR] Failed to load resource: net::ERR_FAILED @ chrome-extension://invalid/:0
[  140470ms] [ERROR] Failed to load resource: net::ERR_FAILED @ chrome-extension://invalid/:0
[  140575ms] [ERROR] Failed to load resource: net::ERR_FAILED @ chrome-extension://invalid/:0
[  140680ms] [ERROR] Failed to load resource: net::ERR_FAILED @ chrome-extension://invalid/:0
[  140784ms] [ERROR] Failed to load resource: net::ERR_FAILED @ chrome-extension://invalid/:0
[  140886ms] [ERROR] Failed to load resource: net::ERR_FAILED @ chrome-extension://invalid/:0
[  140989ms] [ERROR] Failed to load resource: net::ERR_FAILED @ chrome-extension://invalid/:0
[  141095ms] [ERROR] Failed to load resource: net::ERR_FAILED @ chrome-extension://invalid/:0
[  141201ms] [ERROR] Failed to load resource: net::ERR_FAILED @ chrome-extension://invalid/:0
[  141303ms] [ERROR] Failed to load resource: net::ERR_FAILED @ chrome-extension://invalid/:0
[  141409ms] [ERROR] Failed to load resource: net::ERR_FAILED @ chrome-extension://invalid/:0
[  141510ms] [ERROR] Failed to load resource: net::ERR_FAILED @ chrome-extension://invalid/:0
[  141614ms] [ERROR] Failed to load resource: net::ERR_FAILED @ chrome-extension://invalid/:0
[  141717ms] [ERROR] Failed to load resource: net::ERR_FAILED @ chrome-extension://invalid/:0
[  141820ms] [ERROR] Failed to load resource: net::ERR_FAILED @ chrome-extension://invalid/:0
[  141924ms] [ERROR] Failed to load resource: net::ERR_FAILED @ chrome-extension://invalid/:0
[  142028ms] [ERROR] Failed to load resource: net::ERR_FAILED @ chrome-extension://invalid/:0
[  142129ms] [ERROR] Failed to load resource: net::ERR_FAILED @ chrome-extension://invalid/:0
[  142235ms] [ERROR] Failed to load resource: net::ERR_FAILED @ chrome-extension://invalid/:0
[  142337ms] [ERROR] Failed to load resource: net::ERR_FAILED @ chrome-extension://invalid/:0
[  142439ms] [ERROR] Failed to load resource: net::ERR_FAILED @ chrome-extension://invalid/:0
[  142540ms] [ERROR] Failed to load resource: net::ERR_FAILED @ chrome-extension://invalid/:0
[  142643ms] [ERROR] Failed to load resource: net::ERR_FAILED @ chrome-extension://invalid/:0
[  142744ms] [ERROR] Failed to load resource: net::ERR_FAILED @ chrome-extension://invalid/:0
[  142847ms] [ERROR] Failed to load resource: net::ERR_FAILED @ chrome-extension://invalid/:0
[  142949ms] [ERROR] Failed to load resource: net::ERR_FAILED @ chrome-extension://invalid/:0
[  143050ms] [ERROR] Failed to load resource: net::ERR_FAILED @ chrome-extension://invalid/:0
[  143153ms] [ERROR] Failed to load resource: net::ERR_FAILED @ chrome-extension://invalid/:0
[  143256ms] [ERROR] Failed to load resource: net::ERR_FAILED @ chrome-extension://invalid/:0
[  143359ms] [ERROR] Failed to load resource: net::ERR_FAILED @ chrome-extension://invalid/:0
[  143464ms] [ERROR] Failed to load resource: net::ERR_FAILED @ chrome-extension://invalid/:0
[  143567ms] [ERROR] Failed to load resource: net::ERR_FAILED @ chrome-extension://invalid/:0
[  143671ms] [ERROR] Failed to load resource: net::ERR_FAILED @ chrome-extension://invalid/:0
[  143776ms] [ERROR] Failed to load resource: net::ERR_FAILED @ chrome-extension://invalid/:0
[  143880ms] [ERROR] Failed to load resource: net::ERR_FAILED @ chrome-extension://invalid/:0
[  143983ms] [ERROR] Failed to load resource: net::ERR_FAILED @ chrome-extension://invalid/:0
[  144086ms] [ERROR] Failed to load resource: net::ERR_FAILED @ chrome-extension://invalid/:0
[  144190ms] [ERROR] Failed to load resource: net::ERR_FAILED @ chrome-extension://invalid/:0
[  144292ms] [ERROR] Failed to load resource: net::ERR_FAILED @ chrome-extension://invalid/:0
[  144398ms] [ERROR] Failed to load resource: net::ERR_FAILED @ chrome-extension://invalid/:0
[  144499ms] [ERROR] Failed to load resource: net::ERR_FAILED @ chrome-extension://invalid/:0
[  144601ms] [ERROR] Failed to load resource: net::ERR_FAILED @ chrome-extension://invalid/:0
[  144709ms] [ERROR] Failed to load resource: net::ERR_FAILED @ chrome-extension://invalid/:0
[  144809ms] [ERROR] Failed to load resource: net::ERR_FAILED @ chrome-extension://invalid/:0
[  144912ms] [ERROR] Failed to load resource: net::ERR_FAILED @ chrome-extension://invalid/:0
[  145013ms] [ERROR] Failed to load resource: net::ERR_FAILED @ chrome-extension://invalid/:0
[  145115ms] [ERROR] Failed to load resource: net::ERR_FAILED @ chrome-extension://invalid/:0
[  145217ms] [ERROR] Failed to load resource: net::ERR_FAILED @ chrome-extension://invalid/:0
[  145320ms] [ERROR] Failed to load resource: net::ERR_FAILED @ chrome-extension://invalid/:0
[  145424ms] [ERROR] Failed to load resource: net::ERR_FAILED @ chrome-extension://invalid/:0
[  145526ms] [ERROR] Failed to load resource: net::ERR_FAILED @ chrome-extension://invalid/:0
[  145631ms] [ERROR] Failed to load resource: net::ERR_FAILED @ chrome-extension://invalid/:0
[  145734ms] [ERROR] Failed to load resource: net::ERR_FAILED @ chrome-extension://invalid/:0
[  145835ms] [ERROR] Failed to load resource: net::ERR_FAILED @ chrome-extension://invalid/:0
[  145938ms] [ERROR] Failed to load resource: net::ERR_FAILED @ chrome-extension://invalid/:0
[  146040ms] [ERROR] Failed to load resource: net::ERR_FAILED @ chrome-extension://invalid/:0
[  146143ms] [ERROR] Failed to load resource: net::ERR_FAILED @ chrome-extension://invalid/:0
[  146244ms] [ERROR] Failed to load resource: net::ERR_FAILED @ chrome-extension://invalid/:0
[  146345ms] [ERROR] Failed to load resource: net::ERR_FAILED @ chrome-extension://invalid/:0
[  146446ms] [ERROR] Failed to load resource: net::ERR_FAILED @ chrome-extension://invalid/:0
[  146549ms] [ERROR] Failed to load resource: net::ERR_FAILED @ chrome-extension://invalid/:0
[  146652ms] [ERROR] Failed to load resource: net::ERR_FAILED @ chrome-extension://invalid/:0
[  146754ms] [ERROR] Failed to load resource: net::ERR_FAILED @ chrome-extension://invalid/:0
[  146860ms] [ERROR] Failed to load resource: net::ERR_FAILED @ chrome-extension://invalid/:0
[  146961ms] [ERROR] Failed to load resource: net::ERR_FAILED @ chrome-extension://invalid/:0
[  147065ms] [ERROR] Failed to load resource: net::ERR_FAILED @ chrome-extension://invalid/:0
[  147167ms] [ERROR] Failed to load resource: net::ERR_FAILED @ chrome-extension://invalid/:0
[  147269ms] [ERROR] Failed to load resource: net::ERR_FAILED @ chrome-extension://invalid/:0
[  147375ms] [ERROR] Failed to load resource: net::ERR_FAILED @ chrome-extension://invalid/:0
[  147476ms] [ERROR] Failed to load resource: net::ERR_FAILED @ chrome-extension://invalid/:0
[  147578ms] [ERROR] Failed to load resource: net::ERR_FAILED @ chrome-extension://invalid/:0
[  147683ms] [ERROR] Failed to load resource: net::ERR_FAILED @ chrome-extension://invalid/:0
[  147787ms] [ERROR] Failed to load resource: net::ERR_FAILED @ chrome-extension://invalid/:0
[  147893ms] [ERROR] Failed to load resource: net::ERR_FAILED @ chrome-extension://invalid/:0
[  147994ms] [ERROR] Failed to load resource: net::ERR_FAILED @ chrome-extension://invalid/:0
[  148100ms] [ERROR] Failed to load resource: net::ERR_FAILED @ chrome-extension://invalid/:0
[  148204ms] [ERROR] Failed to load resource: net::ERR_FAILED @ chrome-extension://invalid/:0
[  148307ms] [ERROR] Failed to load resource: net::ERR_FAILED @ chrome-extension://invalid/:0
[  148409ms] [ERROR] Failed to load resource: net::ERR_FAILED @ chrome-extension://invalid/:0
[  148511ms] [ERROR] Failed to load resource: net::ERR_FAILED @ chrome-extension://invalid/:0
[  148613ms] [ERROR] Failed to load resource: net::ERR_FAILED @ chrome-extension://invalid/:0
[  148715ms] [ERROR] Failed to load resource: net::ERR_FAILED @ chrome-extension://invalid/:0
[  148819ms] [ERROR] Failed to load resource: net::ERR_FAILED @ chrome-extension://invalid/:0
[  148922ms] [ERROR] Failed to load resource: net::ERR_FAILED @ chrome-extension://invalid/:0
[  149025ms] [ERROR] Failed to load resource: net::ERR_FAILED @ chrome-extension://invalid/:0
[  149131ms] [ERROR] Failed to load resource: net::ERR_FAILED @ chrome-extension://invalid/:0
[  149234ms] [ERROR] Failed to load resource: net::ERR_FAILED @ chrome-extension://invalid/:0
[  149336ms] [ERROR] Failed to load resource: net::ERR_FAILED @ chrome-extension://invalid/:0
[  149438ms] [ERROR] Failed to load resource: net::ERR_FAILED @ chrome-extension://invalid/:0
[  149539ms] [ERROR] Failed to load resource: net::ERR_FAILED @ chrome-extension://invalid/:0
[  149641ms] [ERROR] Failed to load resource: net::ERR_FAILED @ chrome-extension://invalid/:0
[  149743ms] [ERROR] Failed to load resource: net::ERR_FAILED @ chrome-extension://invalid/:0
[  149844ms] [ERROR] Failed to load resource: net::ERR_FAILED @ chrome-extension://invalid/:0
[  149945ms] [ERROR] Failed to load resource: net::ERR_FAILED @ chrome-extension://invalid/:0
[  150047ms] [ERROR] Failed to load resource: net::ERR_FAILED @ chrome-extension://invalid/:0
[  150148ms] [ERROR] Failed to load resource: net::ERR_FAILED @ chrome-extension://invalid/:0
[  150250ms] [ERROR] Failed to load resource: net::ERR_FAILED @ chrome-extension://invalid/:0
[  150353ms] [ERROR] Failed to load resource: net::ERR_FAILED @ chrome-extension://invalid/:0
[  150454ms] [ERROR] Failed to load resource: net::ERR_FAILED @ chrome-extension://invalid/:0
[  150558ms] [ERROR] Failed to load resource: net::ERR_FAILED @ chrome-extension://invalid/:0
[  150660ms] [ERROR] Failed to load resource: net::ERR_FAILED @ chrome-extension://invalid/:0
[  150761ms] [ERROR] Failed to load resource: net::ERR_FAILED @ chrome-extension://invalid/:0
[  150862ms] [ERROR] Failed to load resource: net::ERR_FAILED @ chrome-extension://invalid/:0
[  150966ms] [ERROR] Failed to load resource: net::ERR_FAILED @ chrome-extension://invalid/:0
[  151070ms] [ERROR] Failed to load resource: net::ERR_FAILED @ chrome-extension://invalid/:0
[  151173ms] [ERROR] Failed to load resource: net::ERR_FAILED @ chrome-extension://invalid/:0
[  151276ms] [ERROR] Failed to load resource: net::ERR_FAILED @ chrome-extension://invalid/:0
[  151380ms] [ERROR] Failed to load resource: net::ERR_FAILED @ chrome-extension://invalid/:0
[  151482ms] [ERROR] Failed to load resource: net::ERR_FAILED @ chrome-extension://invalid/:0
[  151583ms] [ERROR] Failed to load resource: net::ERR_FAILED @ chrome-extension://invalid/:0
[  151685ms] [ERROR] Failed to load resource: net::ERR_FAILED @ chrome-extension://invalid/:0
[  151788ms] [ERROR] Failed to load resource: net::ERR_FAILED @ chrome-extension://invalid/:0
[  151893ms] [ERROR] Failed to load resource: net::ERR_FAILED @ chrome-extension://invalid/:0
[  151994ms] [ERROR] Failed to load resource: net::ERR_FAILED @ chrome-extension://invalid/:0
[  152100ms] [ERROR] Failed to load resource: net::ERR_FAILED @ chrome-extension://invalid/:0
[  152205ms] [ERROR] Failed to load resource: net::ERR_FAILED @ chrome-extension://invalid/:0
[  152310ms] [ERROR] Failed to load resource: net::ERR_FAILED @ chrome-extension://invalid/:0
[  152410ms] [ERROR] Failed to load resource: net::ERR_FAILED @ chrome-extension://invalid/:0
[  152512ms] [ERROR] Failed to load resource: net::ERR_FAILED @ chrome-extension://invalid/:0
[  152614ms] [ERROR] Failed to load resource: net::ERR_FAILED @ chrome-extension://invalid/:0
[  152716ms] [ERROR] Failed to load resource: net::ERR_FAILED @ chrome-extension://invalid/:0
[  152818ms] [ERROR] Failed to load resource: net::ERR_FAILED @ chrome-extension://invalid/:0
[  152919ms] [ERROR] Failed to load resource: net::ERR_FAILED @ chrome-extension://invalid/:0
[  153021ms] [ERROR] Failed to load resource: net::ERR_FAILED @ chrome-extension://invalid/:0
[  153125ms] [ERROR] Failed to load resource: net::ERR_FAILED @ chrome-extension://invalid/:0
[  153230ms] [ERROR] Failed to load resource: net::ERR_FAILED @ chrome-extension://invalid/:0
[  153332ms] [ERROR] Failed to load resource: net::ERR_FAILED @ chrome-extension://invalid/:0
[  153438ms] [ERROR] Failed to load resource: net::ERR_FAILED @ chrome-extension://invalid/:0
[  153540ms] [ERROR] Failed to load resource: net::ERR_FAILED @ chrome-extension://invalid/:0
[  153643ms] [ERROR] Failed to load resource: net::ERR_FAILED @ chrome-extension://invalid/:0
[  153744ms] [ERROR] Failed to load resource: net::ERR_FAILED @ chrome-extension://invalid/:0
[  153846ms] [ERROR] Failed to load resource: net::ERR_FAILED @ chrome-extension://invalid/:0
[  153947ms] [ERROR] Failed to load resource: net::ERR_FAILED @ chrome-extension://invalid/:0
[  154051ms] [ERROR] Failed to load resource: net::ERR_FAILED @ chrome-extension://invalid/:0
[  154154ms] [ERROR] Failed to load resource: net::ERR_FAILED @ chrome-extension://invalid/:0
[  154259ms] [ERROR] Failed to load resource: net::ERR_FAILED @ chrome-extension://invalid/:0
[  154364ms] [ERROR] Failed to load resource: net::ERR_FAILED @ chrome-extension://invalid/:0
[  154467ms] [ERROR] Failed to load resource: net::ERR_FAILED @ chrome-extension://invalid/:0
[  154573ms] [ERROR] Failed to load resource: net::ERR_FAILED @ chrome-extension://invalid/:0
[  154675ms] [ERROR] Failed to load resource: net::ERR_FAILED @ chrome-extension://invalid/:0
[  154780ms] [ERROR] Failed to load resource: net::ERR_FAILED @ chrome-extension://invalid/:0
[  154886ms] [ERROR] Failed to load resource: net::ERR_FAILED @ chrome-extension://invalid/:0
[  154990ms] [ERROR] Failed to load resource: net::ERR_FAILED @ chrome-extension://invalid/:0
[  155092ms] [ERROR] Failed to load resource: net::ERR_FAILED @ chrome-extension://invalid/:0
[  155201ms] [ERROR] Failed to load resource: net::ERR_FAILED @ chrome-extension://invalid/:0
[  155304ms] [ERROR] Failed to load resource: net::ERR_FAILED @ chrome-extension://invalid/:0
[  155411ms] [ERROR] Failed to load resource: net::ERR_FAILED @ chrome-extension://invalid/:0
[  155515ms] [ERROR] Failed to load resource: net::ERR_FAILED @ chrome-extension://invalid/:0
[  155616ms] [ERROR] Failed to load resource: net::ERR_FAILED @ chrome-extension://invalid/:0
[  155718ms] [ERROR] Failed to load resource: net::ERR_FAILED @ chrome-extension://invalid/:0
[  155820ms] [ERROR] Failed to load resource: net::ERR_FAILED @ chrome-extension://invalid/:0
[  155922ms] [ERROR] Failed to load resource: net::ERR_FAILED @ chrome-extension://invalid/:0
[  156026ms] [ERROR] Failed to load resource: net::ERR_FAILED @ chrome-extension://invalid/:0
[  156127ms] [ERROR] Failed to load resource: net::ERR_FAILED @ chrome-extension://invalid/:0
[  156233ms] [ERROR] Failed to load resource: net::ERR_FAILED @ chrome-extension://invalid/:0
[  156335ms] [ERROR] Failed to load resource: net::ERR_FAILED @ chrome-extension://invalid/:0
[  156437ms] [ERROR] Failed to load resource: net::ERR_FAILED @ chrome-extension://invalid/:0
[  156539ms] [ERROR] Failed to load resource: net::ERR_FAILED @ chrome-extension://invalid/:0
[  156642ms] [ERROR] Failed to load resource: net::ERR_FAILED @ chrome-extension://invalid/:0
[  156744ms] [ERROR] Failed to load resource: net::ERR_FAILED @ chrome-extension://invalid/:0
[  156845ms] [ERROR] Failed to load resource: net::ERR_FAILED @ chrome-extension://invalid/:0
[  156946ms] [ERROR] Failed to load resource: net::ERR_FAILED @ chrome-extension://invalid/:0
[  157049ms] [ERROR] Failed to load resource: net::ERR_FAILED @ chrome-extension://invalid/:0
[  157153ms] [ERROR] Failed to load resource: net::ERR_FAILED @ chrome-extension://invalid/:0
[  157256ms] [ERROR] Failed to load resource: net::ERR_FAILED @ chrome-extension://invalid/:0
[  157361ms] [ERROR] Failed to load resource: net::ERR_FAILED @ chrome-extension://invalid/:0
[  157464ms] [ERROR] Failed to load resource: net::ERR_FAILED @ chrome-extension://invalid/:0
[  157566ms] [ERROR] Failed to load resource: net::ERR_FAILED @ chrome-extension://invalid/:0
[  157667ms] [ERROR] Failed to load resource: net::ERR_FAILED @ chrome-extension://invalid/:0
[  157770ms] [ERROR] Failed to load resource: net::ERR_FAILED @ chrome-extension://invalid/:0
[  157874ms] [ERROR] Failed to load resource: net::ERR_FAILED @ chrome-extension://invalid/:0
[  157976ms] [ERROR] Failed to load resource: net::ERR_FAILED @ chrome-extension://invalid/:0
[  158079ms] [ERROR] Failed to load resource: net::ERR_FAILED @ chrome-extension://invalid/:0
[  158183ms] [ERROR] Failed to load resource: net::ERR_FAILED @ chrome-extension://invalid/:0
[  158285ms] [ERROR] Failed to load resource: net::ERR_FAILED @ chrome-extension://invalid/:0
[  158389ms] [ERROR] Failed to load resource: net::ERR_FAILED @ chrome-extension://invalid/:0
[  158495ms] [ERROR] Failed to load resource: net::ERR_FAILED @ chrome-extension://invalid/:0
[  158600ms] [ERROR] Failed to load resource: net::ERR_FAILED @ chrome-extension://invalid/:0
[  158706ms] [ERROR] Failed to load resource: net::ERR_FAILED @ chrome-extension://invalid/:0
[  158812ms] [ERROR] Failed to load resource: net::ERR_FAILED @ chrome-extension://invalid/:0
[  158914ms] [ERROR] Failed to load resource: net::ERR_FAILED @ chrome-extension://invalid/:0
[  159017ms] [ERROR] Failed to load resource: net::ERR_FAILED @ chrome-extension://invalid/:0
[  159119ms] [ERROR] Failed to load resource: net::ERR_FAILED @ chrome-extension://invalid/:0
[  159223ms] [ERROR] Failed to load resource: net::ERR_FAILED @ chrome-extension://invalid/:0
[  159326ms] [ERROR] Failed to load resource: net::ERR_FAILED @ chrome-extension://invalid/:0
[  159431ms] [ERROR] Failed to load resource: net::ERR_FAILED @ chrome-extension://invalid/:0
[  159536ms] [ERROR] Failed to load resource: net::ERR_FAILED @ chrome-extension://invalid/:0
[  159639ms] [ERROR] Failed to load resource: net::ERR_FAILED @ chrome-extension://invalid/:0
[  159740ms] [ERROR] Failed to load resource: net::ERR_FAILED @ chrome-extension://invalid/:0
[  159843ms] [ERROR] Failed to load resource: net::ERR_FAILED @ chrome-extension://invalid/:0
[  159945ms] [ERROR] Failed to load resource: net::ERR_FAILED @ chrome-extension://invalid/:0
[  160047ms] [ERROR] Failed to load resource: net::ERR_FAILED @ chrome-extension://invalid/:0
[  160149ms] [ERROR] Failed to load resource: net::ERR_FAILED @ chrome-extension://invalid/:0
[  160252ms] [ERROR] Failed to load resource: net::ERR_FAILED @ chrome-extension://invalid/:0
[  160355ms] [ERROR] Failed to load resource: net::ERR_FAILED @ chrome-extension://invalid/:0
[  160459ms] [ERROR] Failed to load resource: net::ERR_FAILED @ chrome-extension://invalid/:0
[  160563ms] [ERROR] Failed to load resource: net::ERR_FAILED @ chrome-extension://invalid/:0
[  160665ms] [ERROR] Failed to load resource: net::ERR_FAILED @ chrome-extension://invalid/:0
[  160768ms] [ERROR] Failed to load resource: net::ERR_FAILED @ chrome-extension://invalid/:0
[  160871ms] [ERROR] Failed to load resource: net::ERR_FAILED @ chrome-extension://invalid/:0
[  160975ms] [ERROR] Failed to load resource: net::ERR_FAILED @ chrome-extension://invalid/:0
[  161078ms] [ERROR] Failed to load resource: net::ERR_FAILED @ chrome-extension://invalid/:0
[  161180ms] [ERROR] Failed to load resource: net::ERR_FAILED @ chrome-extension://invalid/:0
[  161283ms] [ERROR] Failed to load resource: net::ERR_FAILED @ chrome-extension://invalid/:0
[  161387ms] [ERROR] Failed to load resource: net::ERR_FAILED @ chrome-extension://invalid/:0
[  161489ms] [ERROR] Failed to load resource: net::ERR_FAILED @ chrome-extension://invalid/:0
[  161592ms] [ERROR] Failed to load resource: net::ERR_FAILED @ chrome-extension://invalid/:0
[  161699ms] [ERROR] Failed to load resource: net::ERR_FAILED @ chrome-extension://invalid/:0
[  161802ms] [ERROR] Failed to load resource: net::ERR_FAILED @ chrome-extension://invalid/:0
[  161907ms] [ERROR] Failed to load resource: net::ERR_FAILED @ chrome-extension://invalid/:0
[  162011ms] [ERROR] Failed to load resource: net::ERR_FAILED @ chrome-extension://invalid/:0
[  162113ms] [ERROR] Failed to load resource: net::ERR_FAILED @ chrome-extension://invalid/:0
[  162215ms] [ERROR] Failed to load resource: net::ERR_FAILED @ chrome-extension://invalid/:0
[  162317ms] [ERROR] Failed to load resource: net::ERR_FAILED @ chrome-extension://invalid/:0
[  162419ms] [ERROR] Failed to load resource: net::ERR_FAILED @ chrome-extension://invalid/:0
[  162524ms] [ERROR] Failed to load resource: net::ERR_FAILED @ chrome-extension://invalid/:0
[  162625ms] [ERROR] Failed to load resource: net::ERR_FAILED @ chrome-extension://invalid/:0
[  162730ms] [ERROR] Failed to load resource: net::ERR_FAILED @ chrome-extension://invalid/:0
[  162832ms] [ERROR] Failed to load resource: net::ERR_FAILED @ chrome-extension://invalid/:0
[  162938ms] [ERROR] Failed to load resource: net::ERR_FAILED @ chrome-extension://invalid/:0
[  163041ms] [ERROR] Failed to load resource: net::ERR_FAILED @ chrome-extension://invalid/:0
[  163143ms] [ERROR] Failed to load resource: net::ERR_FAILED @ chrome-extension://invalid/:0
[  163244ms] [ERROR] Failed to load resource: net::ERR_FAILED @ chrome-extension://invalid/:0
[  163356ms] [ERROR] Failed to load resource: net::ERR_FAILED @ chrome-extension://invalid/:0
[  163461ms] [ERROR] Failed to load resource: net::ERR_FAILED @ chrome-extension://invalid/:0
[  163566ms] [ERROR] Failed to load resource: net::ERR_FAILED @ chrome-extension://invalid/:0
[  163668ms] [ERROR] Failed to load resource: net::ERR_FAILED @ chrome-extension://invalid/:0
[  163769ms] [ERROR] Failed to load resource: net::ERR_FAILED @ chrome-extension://invalid/:0
[  163872ms] [ERROR] Failed to load resource: net::ERR_FAILED @ chrome-extension://invalid/:0
[  163975ms] [ERROR] Failed to load resource: net::ERR_FAILED @ chrome-extension://invalid/:0
[  164077ms] [ERROR] Failed to load resource: net::ERR_FAILED @ chrome-extension://invalid/:0
[  164183ms] [ERROR] Failed to load resource: net::ERR_FAILED @ chrome-extension://invalid/:0
[  164287ms] [ERROR] Failed to load resource: net::ERR_FAILED @ chrome-extension://invalid/:0
[  164393ms] [ERROR] Failed to load resource: net::ERR_FAILED @ chrome-extension://invalid/:0
[  164495ms] [ERROR] Failed to load resource: net::ERR_FAILED @ chrome-extension://invalid/:0
[  164600ms] [ERROR] Failed to load resource: net::ERR_FAILED @ chrome-extension://invalid/:0
[  164703ms] [ERROR] Failed to load resource: net::ERR_FAILED @ chrome-extension://invalid/:0
[  164806ms] [ERROR] Failed to load resource: net::ERR_FAILED @ chrome-extension://invalid/:0
[  164908ms] [ERROR] Failed to load resource: net::ERR_FAILED @ chrome-extension://invalid/:0
[  165013ms] [ERROR] Failed to load resource: net::ERR_FAILED @ chrome-extension://invalid/:0
[  165115ms] [ERROR] Failed to load resource: net::ERR_FAILED @ chrome-extension://invalid/:0
[  165216ms] [ERROR] Failed to load resource: net::ERR_FAILED @ chrome-extension://invalid/:0
[  165319ms] [ERROR] Failed to load resource: net::ERR_FAILED @ chrome-extension://invalid/:0
[  165421ms] [ERROR] Failed to load resource: net::ERR_FAILED @ chrome-extension://invalid/:0
[  165526ms] [ERROR] Failed to load resource: net::ERR_FAILED @ chrome-extension://invalid/:0
[  165631ms] [ERROR] Failed to load resource: net::ERR_FAILED @ chrome-extension://invalid/:0
[  165735ms] [ERROR] Failed to load resource: net::ERR_FAILED @ chrome-extension://invalid/:0
[  165836ms] [ERROR] Failed to load resource: net::ERR_FAILED @ chrome-extension://invalid/:0
[  165937ms] [ERROR] Failed to load resource: net::ERR_FAILED @ chrome-extension://invalid/:0
[  166039ms] [ERROR] Failed to load resource: net::ERR_FAILED @ chrome-extension://invalid/:0
[  166142ms] [ERROR] Failed to load resource: net::ERR_FAILED @ chrome-extension://invalid/:0
[  166243ms] [ERROR] Failed to load resource: net::ERR_FAILED @ chrome-extension://invalid/:0
[  166345ms] [ERROR] Failed to load resource: net::ERR_FAILED @ chrome-extension://invalid/:0
[  166447ms] [ERROR] Failed to load resource: net::ERR_FAILED @ chrome-extension://invalid/:0
[  166548ms] [ERROR] Failed to load resource: net::ERR_FAILED @ chrome-extension://invalid/:0
[  166650ms] [ERROR] Failed to load resource: net::ERR_FAILED @ chrome-extension://invalid/:0
[  166752ms] [ERROR] Failed to load resource: net::ERR_FAILED @ chrome-extension://invalid/:0
[  166854ms] [ERROR] Failed to load resource: net::ERR_FAILED @ chrome-extension://invalid/:0
[  166959ms] [ERROR] Failed to load resource: net::ERR_FAILED @ chrome-extension://invalid/:0
[  167061ms] [ERROR] Failed to load resource: net::ERR_FAILED @ chrome-extension://invalid/:0
[  167163ms] [ERROR] Failed to load resource: net::ERR_FAILED @ chrome-extension://invalid/:0
[  167269ms] [ERROR] Failed to load resource: net::ERR_FAILED @ chrome-extension://invalid/:0
[  167371ms] [ERROR] Failed to load resource: net::ERR_FAILED @ chrome-extension://invalid/:0
[  167477ms] [ERROR] Failed to load resource: net::ERR_FAILED @ chrome-extension://invalid/:0
[  167581ms] [ERROR] Failed to load resource: net::ERR_FAILED @ chrome-extension://invalid/:0
[  167685ms] [ERROR] Failed to load resource: net::ERR_FAILED @ chrome-extension://invalid/:0
[  167787ms] [ERROR] Failed to load resource: net::ERR_FAILED @ chrome-extension://invalid/:0
[  167892ms] [ERROR] Failed to load resource: net::ERR_FAILED @ chrome-extension://invalid/:0
[  167994ms] [ERROR] Failed to load resource: net::ERR_FAILED @ chrome-extension://invalid/:0
[  168099ms] [ERROR] Failed to load resource: net::ERR_FAILED @ chrome-extension://invalid/:0
[  168205ms] [ERROR] Failed to load resource: net::ERR_FAILED @ chrome-extension://invalid/:0
[  168309ms] [ERROR] Failed to load resource: net::ERR_FAILED @ chrome-extension://invalid/:0
[  168411ms] [ERROR] Failed to load resource: net::ERR_FAILED @ chrome-extension://invalid/:0
[  168514ms] [ERROR] Failed to load resource: net::ERR_FAILED @ chrome-extension://invalid/:0
[  168617ms] [ERROR] Failed to load resource: net::ERR_FAILED @ chrome-extension://invalid/:0
[  168720ms] [ERROR] Failed to load resource: net::ERR_FAILED @ chrome-extension://invalid/:0
[  168824ms] [ERROR] Failed to load resource: net::ERR_FAILED @ chrome-extension://invalid/:0
[  168926ms] [ERROR] Failed to load resource: net::ERR_FAILED @ chrome-extension://invalid/:0
[  169031ms] [ERROR] Failed to load resource: net::ERR_FAILED @ chrome-extension://invalid/:0
[  169133ms] [ERROR] Failed to load resource: net::ERR_FAILED @ chrome-extension://invalid/:0
[  169236ms] [ERROR] Failed to load resource: net::ERR_FAILED @ chrome-extension://invalid/:0
[  169338ms] [ERROR] Failed to load resource: net::ERR_FAILED @ chrome-extension://invalid/:0
[  169440ms] [ERROR] Failed to load resource: net::ERR_FAILED @ chrome-extension://invalid/:0
[  169541ms] [ERROR] Failed to load resource: net::ERR_FAILED @ chrome-extension://invalid/:0
[  169643ms] [ERROR] Failed to load resource: net::ERR_FAILED @ chrome-extension://invalid/:0
[  169744ms] [ERROR] Failed to load resource: net::ERR_FAILED @ chrome-extension://invalid/:0
[  169847ms] [ERROR] Failed to load resource: net::ERR_FAILED @ chrome-extension://invalid/:0
[  169949ms] [ERROR] Failed to load resource: net::ERR_FAILED @ chrome-extension://invalid/:0
[  170051ms] [ERROR] Failed to load resource: net::ERR_FAILED @ chrome-extension://invalid/:0
[  170153ms] [ERROR] Failed to load resource: net::ERR_FAILED @ chrome-extension://invalid/:0
[  170257ms] [ERROR] Failed to load resource: net::ERR_FAILED @ chrome-extension://invalid/:0
[  170359ms] [ERROR] Failed to load resource: net::ERR_FAILED @ chrome-extension://invalid/:0
[  170464ms] [ERROR] Failed to load resource: net::ERR_FAILED @ chrome-extension://invalid/:0
[  170567ms] [ERROR] Failed to load resource: net::ERR_FAILED @ chrome-extension://invalid/:0
[  170668ms] [ERROR] Failed to load resource: net::ERR_FAILED @ chrome-extension://invalid/:0
[  170774ms] [ERROR] Failed to load resource: net::ERR_FAILED @ chrome-extension://invalid/:0
[  170876ms] [ERROR] Failed to load resource: net::ERR_FAILED @ chrome-extension://invalid/:0
[  170978ms] [ERROR] Failed to load resource: net::ERR_FAILED @ chrome-extension://invalid/:0
[  171079ms] [ERROR] Failed to load resource: net::ERR_FAILED @ chrome-extension://invalid/:0
[  171181ms] [ERROR] Failed to load resource: net::ERR_FAILED @ chrome-extension://invalid/:0
[  171287ms] [ERROR] Failed to load resource: net::ERR_FAILED @ chrome-extension://invalid/:0
[  171393ms] [ERROR] Failed to load resource: net::ERR_FAILED @ chrome-extension://invalid/:0
[  171495ms] [ERROR] Failed to load resource: net::ERR_FAILED @ chrome-extension://invalid/:0
[  171600ms] [ERROR] Failed to load resource: net::ERR_FAILED @ chrome-extension://invalid/:0
[  171702ms] [ERROR] Failed to load resource: net::ERR_FAILED @ chrome-extension://invalid/:0
[  171804ms] [ERROR] Failed to load resource: net::ERR_FAILED @ chrome-extension://invalid/:0
[  171908ms] [ERROR] Failed to load resource: net::ERR_FAILED @ chrome-extension://invalid/:0
[  172009ms] [ERROR] Failed to load resource: net::ERR_FAILED @ chrome-extension://invalid/:0
[  172111ms] [ERROR] Failed to load resource: net::ERR_FAILED @ chrome-extension://invalid/:0
[  172212ms] [ERROR] Failed to load resource: net::ERR_FAILED @ chrome-extension://invalid/:0
[  172315ms] [ERROR] Failed to load resource: net::ERR_FAILED @ chrome-extension://invalid/:0
[  172417ms] [ERROR] Failed to load resource: net::ERR_FAILED @ chrome-extension://invalid/:0
[  172519ms] [ERROR] Failed to load resource: net::ERR_FAILED @ chrome-extension://invalid/:0
[  172620ms] [ERROR] Failed to load resource: net::ERR_FAILED @ chrome-extension://invalid/:0
[  172723ms] [ERROR] Failed to load resource: net::ERR_FAILED @ chrome-extension://invalid/:0
[  172825ms] [ERROR] Failed to load resource: net::ERR_FAILED @ chrome-extension://invalid/:0
[  172931ms] [ERROR] Failed to load resource: net::ERR_FAILED @ chrome-extension://invalid/:0
[  173038ms] [ERROR] Failed to load resource: net::ERR_FAILED @ chrome-extension://invalid/:0
[  173140ms] [ERROR] Failed to load resource: net::ERR_FAILED @ chrome-extension://invalid/:0
[  173243ms] [ERROR] Failed to load resource: net::ERR_FAILED @ chrome-extension://invalid/:0
[  173344ms] [ERROR] Failed to load resource: net::ERR_FAILED @ chrome-extension://invalid/:0
[  173446ms] [ERROR] Failed to load resource: net::ERR_FAILED @ chrome-extension://invalid/:0
[  173548ms] [ERROR] Failed to load resource: net::ERR_FAILED @ chrome-extension://invalid/:0
[  173651ms] [ERROR] Failed to load resource: net::ERR_FAILED @ chrome-extension://invalid/:0
[  173754ms] [ERROR] Failed to load resource: net::ERR_FAILED @ chrome-extension://invalid/:0
[  173856ms] [ERROR] Failed to load resource: net::ERR_FAILED @ chrome-extension://invalid/:0
[  173960ms] [ERROR] Failed to load resource: net::ERR_FAILED @ chrome-extension://invalid/:0
[  174065ms] [ERROR] Failed to load resource: net::ERR_FAILED @ chrome-extension://invalid/:0
[  174167ms] [ERROR] Failed to load resource: net::ERR_FAILED @ chrome-extension://invalid/:0
[  174274ms] [ERROR] Failed to load resource: net::ERR_FAILED @ chrome-extension://invalid/:0
[  174378ms] [ERROR] Failed to load resource: net::ERR_FAILED @ chrome-extension://invalid/:0
[  174479ms] [ERROR] Failed to load resource: net::ERR_FAILED @ chrome-extension://invalid/:0
[  174581ms] [ERROR] Failed to load resource: net::ERR_FAILED @ chrome-extension://invalid/:0
[  174687ms] [ERROR] Failed to load resource: net::ERR_FAILED @ chrome-extension://invalid/:0
[  174792ms] [ERROR] Failed to load resource: net::ERR_FAILED @ chrome-extension://invalid/:0
[  174898ms] [ERROR] Failed to load resource: net::ERR_FAILED @ chrome-extension://invalid/:0
[  175000ms] [ERROR] Failed to load resource: net::ERR_FAILED @ chrome-extension://invalid/:0
[  175104ms] [ERROR] Failed to load resource: net::ERR_FAILED @ chrome-extension://invalid/:0
[  175209ms] [ERROR] Failed to load resource: net::ERR_FAILED @ chrome-extension://invalid/:0
[  175310ms] [ERROR] Failed to load resource: net::ERR_FAILED @ chrome-extension://invalid/:0
[  175413ms] [ERROR] Failed to load resource: net::ERR_FAILED @ chrome-extension://invalid/:0
[  175514ms] [ERROR] Failed to load resource: net::ERR_FAILED @ chrome-extension://invalid/:0
[  175616ms] [ERROR] Failed to load resource: net::ERR_FAILED @ chrome-extension://invalid/:0
[  175718ms] [ERROR] Failed to load resource: net::ERR_FAILED @ chrome-extension://invalid/:0
[  175820ms] [ERROR] Failed to load resource: net::ERR_FAILED @ chrome-extension://invalid/:0
[  175923ms] [ERROR] Failed to load resource: net::ERR_FAILED @ chrome-extension://invalid/:0
[  176027ms] [ERROR] Failed to load resource: net::ERR_FAILED @ chrome-extension://invalid/:0
[  176130ms] [ERROR] Failed to load resource: net::ERR_FAILED @ chrome-extension://invalid/:0
[  176235ms] [ERROR] Failed to load resource: net::ERR_FAILED @ chrome-extension://invalid/:0
[  176337ms] [ERROR] Failed to load resource: net::ERR_FAILED @ chrome-extension://invalid/:0
[  176438ms] [ERROR] Failed to load resource: net::ERR_FAILED @ chrome-extension://invalid/:0
[  176539ms] [ERROR] Failed to load resource: net::ERR_FAILED @ chrome-extension://invalid/:0
[  176641ms] [ERROR] Failed to load resource: net::ERR_FAILED @ chrome-extension://invalid/:0
[  176743ms] [ERROR] Failed to load resource: net::ERR_FAILED @ chrome-extension://invalid/:0
[  176844ms] [ERROR] Failed to load resource: net::ERR_FAILED @ chrome-extension://invalid/:0
[  176947ms] [ERROR] Failed to load resource: net::ERR_FAILED @ chrome-extension://invalid/:0
[  177049ms] [ERROR] Failed to load resource: net::ERR_FAILED @ chrome-extension://invalid/:0
[  177152ms] [ERROR] Failed to load resource: net::ERR_FAILED @ chrome-extension://invalid/:0
[  177255ms] [ERROR] Failed to load resource: net::ERR_FAILED @ chrome-extension://invalid/:0
[  177360ms] [ERROR] Failed to load resource: net::ERR_FAILED @ chrome-extension://invalid/:0
[  177462ms] [ERROR] Failed to load resource: net::ERR_FAILED @ chrome-extension://invalid/:0
[  177564ms] [ERROR] Failed to load resource: net::ERR_FAILED @ chrome-extension://invalid/:0
[  177667ms] [ERROR] Failed to load resource: net::ERR_FAILED @ chrome-extension://invalid/:0
[  177771ms] [ERROR] Failed to load resource: net::ERR_FAILED @ chrome-extension://invalid/:0
[  177875ms] [ERROR] Failed to load resource: net::ERR_FAILED @ chrome-extension://invalid/:0
[  177976ms] [ERROR] Failed to load resource: net::ERR_FAILED @ chrome-extension://invalid/:0
[  178079ms] [ERROR] Failed to load resource: net::ERR_FAILED @ chrome-extension://invalid/:0
[  178181ms] [ERROR] Failed to load resource: net::ERR_FAILED @ chrome-extension://invalid/:0
[  178285ms] [ERROR] Failed to load resource: net::ERR_FAILED @ chrome-extension://invalid/:0
[  178388ms] [ERROR] Failed to load resource: net::ERR_FAILED @ chrome-extension://invalid/:0
[  178493ms] [ERROR] Failed to load resource: net::ERR_FAILED @ chrome-extension://invalid/:0
[  178598ms] [ERROR] Failed to load resource: net::ERR_FAILED @ chrome-extension://invalid/:0
[  178739ms] [ERROR] Failed to load resource: net::ERR_FAILED @ chrome-extension://invalid/:0
[  178842ms] [ERROR] Failed to load resource: net::ERR_FAILED @ chrome-extension://invalid/:0
[  178943ms] [ERROR] Failed to load resource: net::ERR_FAILED @ chrome-extension://invalid/:0
[  179045ms] [ERROR] Failed to load resource: net::ERR_FAILED @ chrome-extension://invalid/:0
[  179147ms] [ERROR] Failed to load resource: net::ERR_FAILED @ chrome-extension://invalid/:0
[  179250ms] [ERROR] Failed to load resource: net::ERR_FAILED @ chrome-extension://invalid/:0
[  179351ms] [ERROR] Failed to load resource: net::ERR_FAILED @ chrome-extension://invalid/:0
[  179454ms] [ERROR] Failed to load resource: net::ERR_FAILED @ chrome-extension://invalid/:0
[  179558ms] [ERROR] Failed to load resource: net::ERR_FAILED @ chrome-extension://invalid/:0
[  179660ms] [ERROR] Failed to load resource: net::ERR_FAILED @ chrome-extension://invalid/:0
[  179763ms] [ERROR] Failed to load resource: net::ERR_FAILED @ chrome-extension://invalid/:0
[  179867ms] [ERROR] Failed to load resource: net::ERR_FAILED @ chrome-extension://invalid/:0
[  179970ms] [ERROR] Failed to load resource: net::ERR_FAILED @ chrome-extension://invalid/:0
[  180075ms] [ERROR] Failed to load resource: net::ERR_FAILED @ chrome-extension://invalid/:0
[  180180ms] [ERROR] Failed to load resource: net::ERR_FAILED @ chrome-extension://invalid/:0
[  180285ms] [ERROR] Failed to load resource: net::ERR_FAILED @ chrome-extension://invalid/:0
[  180387ms] [ERROR] Failed to load resource: net::ERR_FAILED @ chrome-extension://invalid/:0
[  180490ms] [ERROR] Failed to load resource: net::ERR_FAILED @ chrome-extension://invalid/:0
[  180594ms] [ERROR] Failed to load resource: net::ERR_FAILED @ chrome-extension://invalid/:0
[  180699ms] [ERROR] Failed to load resource: net::ERR_FAILED @ chrome-extension://invalid/:0
[  180801ms] [ERROR] Failed to load resource: net::ERR_FAILED @ chrome-extension://invalid/:0
[  180907ms] [ERROR] Failed to load resource: net::ERR_FAILED @ chrome-extension://invalid/:0
[  181009ms] [ERROR] Failed to load resource: net::ERR_FAILED @ chrome-extension://invalid/:0
[  181110ms] [ERROR] Failed to load resource: net::ERR_FAILED @ chrome-extension://invalid/:0
[  181212ms] [ERROR] Failed to load resource: net::ERR_FAILED @ chrome-extension://invalid/:0
[  181314ms] [ERROR] Failed to load resource: net::ERR_FAILED @ chrome-extension://invalid/:0
[  181417ms] [ERROR] Failed to load resource: net::ERR_FAILED @ chrome-extension://invalid/:0
[  181519ms] [ERROR] Failed to load resource: net::ERR_FAILED @ chrome-extension://invalid/:0
[  181620ms] [ERROR] Failed to load resource: net::ERR_FAILED @ chrome-extension://invalid/:0
[  181725ms] [ERROR] Failed to load resource: net::ERR_FAILED @ chrome-extension://invalid/:0
[  181826ms] [ERROR] Failed to load resource: net::ERR_FAILED @ chrome-extension://invalid/:0
[  181932ms] [ERROR] Failed to load resource: net::ERR_FAILED @ chrome-extension://invalid/:0
[  182037ms] [ERROR] Failed to load resource: net::ERR_FAILED @ chrome-extension://invalid/:0
[  182139ms] [ERROR] Failed to load resource: net::ERR_FAILED @ chrome-extension://invalid/:0
[  182240ms] [ERROR] Failed to load resource: net::ERR_FAILED @ chrome-extension://invalid/:0
